crop_name_ml,crop_name_en,cultivation_zones,soil_types,fertilizers,seasons,pest_control_methods
പുകയില,Betel Leaf,"തൃശ്ശൂർ, തിരുവനന്തപുരം",മണൽ മണ്ണ്,ജൈവവളം,തുലാവർഷം,"സമഗ്ര കീട പരിപാലനം, പ്രകൃതി വഴിയുള്ള നിയന്ത്രണം"
ഏലം,Cotton,"പത്തനംതിട്ട, കോട്ടയം",ചെങ്കൽ മണ്ണ്,"കമ്പോസ്റ്റ്, ജൈവവളം",തുലാവർഷം,ജൈവ കീട നിയന്ത്രണം
ജാതിക്ക വെളുത്തുള്ളി,Small Millet,"തൃശ്ശൂർ, കോട്ടയം, വയനാട്",കളിമണ്ണ്,"രാസവളം, കമ്പോസ്റ്റ്",കാർഷിക സീസൺ,"രാസ മരുന്ന്, ജൈവ കീട നിയന്ത്രണം"
മധുരക്കിഴങ്ങ്,Pigeon Pea,"വയനാട്, കൊല്ലം, ഇടുക്കി","മണൽ മണ്ണ്, ചെങ്കൽ മണ്ണ്","ജൈവവളം, രാസവളം","കാർഷിക സീസൺ, വേനൽക്കാലം",സമഗ്ര കീട പരിപാലനം
കാപ്പി,Cardamom,"കണ്ണൂർ, എറണാകുളം, കോട്ടയം",മണൽ മണ്ണ്,"ജൈവവളം, കമ്പോസ്റ്റ്","മഴക്കാലം, തുലാവർഷം",ജൈവ കീട നിയന്ത്രണം
തേങ്ങ,Corn,"കണ്ണൂർ, കൊല്ലം, മലപ്പുറം","കളിമണ്ണ്, എക്കൽ മണ്ണ്","രാസവളം, ജൈവവളം","വേനൽക്കാലം, കാർഷിക സീസൺ",രാസ മരുന്ന്
പച്ചമുളക്,Ginger,"തിരുവനന്തപുരം, കാസർഗോഡ്, ഇടുക്കി",മണൽ മണ്ണ്,രാസവളം,കാർഷിക സീസൺ,"സമഗ്ര കീട പരിപാലനം, രാസ മരുന്ന്"
കാപ്പി,Coffee,"കോട്ടയം, തൃശ്ശൂർ, കോഴിക്കോട്","മണൽ മണ്ണ്, ചെങ്കൽ മണ്ണ്",പച്ചിലവളം,മഴക്കാലം,ജൈവ കീട നിയന്ത്രണം
പുകയില,Turmeric,"കോഴിക്കോട്, കണ്ണൂർ, പത്തനംതിട്ട",മണൽ മണ്ണ്,രാസവളം,കാർഷിക സീസൺ,"സമഗ്ര കീട പരിപാലനം, രാസ മരുന്ന്"
വാഴപ്പഴം,Rice,"എറണാകുളം, ഇടുക്കി, പാലക്കാട്","ചെങ്കൽ മണ്ണ്, മണൽ മണ്ണ്",കമ്പോസ്റ്റ്,"കാർഷിക സീസൺ, തുലാവർഷം",രാസ മരുന്ന്
ഗോതമ്പ്,Garlic,"കാസർഗോഡ്, തൃശ്ശൂർ","കളിമണ്ണ്, എക്കൽ മണ്ണ്","കമ്പോസ്റ്റ്, ജൈവവളം",തുലാവർഷം,"പ്രകൃതി വഴിയുള്ള നിയന്ത്രണം, ജൈവ കീട നിയന്ത്രണം"
ചെറുകിട (തിനാ / ചാമ),Pigeon Pea,"ഇടുക്കി, തിരുവനന്തപുരം",എക്കൽ മണ്ണ്,"കമ്പോസ്റ്റ്, ജൈവവളം",തുലാവർഷം,"സമഗ്ര കീട പരിപാലനം, പ്രകൃതി വഴിയുള്ള നിയന്ത്രണം"
കരിമ്പ്,Mango,"ഇടുക്കി, എറണാകുളം, കോട്ടയം",ചെങ്കൽ മണ്ണ്,പച്ചിലവളം,"വേനൽക്കാലം, തുലാവർഷം",പ്രകൃതി വഴിയുള്ള നിയന്ത്രണം
ഗോതമ്പ്,Drumstick,ഇടുക്കി,എക്കൽ മണ്ണ്,രാസവളം,"തുലാവർഷം, മഴക്കാലം","ജൈവ കീട നിയന്ത്രണം, പ്രകൃതി വഴിയുള്ള നിയന്ത്രണം"
കൊക്കോ,Ginger,എറണാകുളം,എക്കൽ മണ്ണ്,"കമ്പോസ്റ്റ്, പച്ചിലവളം","വേനൽക്കാലം, കാർഷിക സീസൺ","പ്രകൃതി വഴിയുള്ള നിയന്ത്രണം, സമഗ്ര കീട പരിപാലനം"
നിലക്കടല,Chili,പാലക്കാട്,മണൽ മണ്ണ്,രാസവളം,തുലാവർഷം,പ്രകൃതി വഴിയുള്ള നിയന്ത്രണം
ചോളം,Sugarcane,"പത്തനംതിട്ട, മലപ്പുറം, കൊല്ലം",മണൽ മണ്ണ്,ജൈവവളം,"തുലാവർഷം, വേനൽക്കാലം",പ്രകൃതി വഴിയുള്ള നിയന്ത്രണം
മുരിങ്ങ,Cardamom,പത്തനംതിട്ട,"മണൽ മണ്ണ്, എക്കൽ മണ്ണ്",പച്ചിലവളം,"വേനൽക്കാലം, തുലാവർഷം","സമഗ്ര കീട പരിപാലനം, പ്രകൃതി വഴിയുള്ള നിയന്ത്രണം"
ഉരുളക്കിഴങ്ങ്,Cocoa,"കോഴിക്കോട്, കണ്ണൂർ","മണൽ മണ്ണ്, കളിമണ്ണ്","കമ്പോസ്റ്റ്, ജൈവവളം","തുലാവർഷം, വേനൽക്കാലം",പ്രകൃതി വഴിയുള്ള നിയന്ത്രണം
ഫിംഗർ മില്ലറ്റ്,Black Pepper,"കോട്ടയം, കൊല്ലം",എക്കൽ മണ്ണ്,"ജൈവവളം, കമ്പോസ്റ്റ്","തുലാവർഷം, കാർഷിക സീസൺ",സമഗ്ര കീട പരിപാലനം
ജാതിക്ക വെളുത്തുള്ളി,Betel Leaf,"കോഴിക്കോട്, വയനാട്",എക്കൽ മണ്ണ്,കമ്പോസ്റ്റ്,മഴക്കാലം,സമഗ്ര കീട പരിപാലനം
ചോളം,Sesame,"കോഴിക്കോട്, കാസർഗോഡ്, ഇടുക്കി",എക്കൽ മണ്ണ്,ജൈവവളം,"തുലാവർഷം, കാർഷിക സീസൺ","സമഗ്ര കീട പരിപാലനം, പ്രകൃതി വഴിയുള്ള നിയന്ത്രണം"
വാഴപ്പഴം,Sesame,"ഇടുക്കി, കാസർഗോഡ്","കളിമണ്ണ്, ചെങ്കൽ മണ്ണ്","ജൈവവളം, കമ്പോസ്റ്റ്","മഴക്കാലം, കാർഷിക സീസൺ","പ്രകൃതി വഴിയുള്ള നിയന്ത്രണം, സമഗ്ര കീട പരിപാലനം"
ജാതിക്ക വെളുത്തുള്ളി,Potato,പത്തനംതിട്ട,എക്കൽ മണ്ണ്,"പച്ചിലവളം, കമ്പോസ്റ്റ്","തുലാവർഷം, വേനൽക്കാലം","രാസ മരുന്ന്, സമഗ്ര കീട പരിപാലനം"
പൈനാപ്പിൾ,Groundnut,"കണ്ണൂർ, മലപ്പുറം",ചെങ്കൽ മണ്ണ്,രാസവളം,തുലാവർഷം,"ജൈവ കീട നിയന്ത്രണം, സമഗ്ര കീട പരിപാലനം"
നിലക്കടല,Coconut,"എറണാകുളം, കാസർഗോഡ്, കണ്ണൂർ","കളിമണ്ണ്, ചെങ്കൽ മണ്ണ്",ജൈവവളം,കാർഷിക സീസൺ,"പ്രകൃതി വഴിയുള്ള നിയന്ത്രണം, രാസ മരുന്ന്"
അരിക്കാട്ട്,Cardamom,തിരുവനന്തപുരം,"ചെങ്കൽ മണ്ണ്, മണൽ മണ്ണ്","കമ്പോസ്റ്റ്, പച്ചിലവളം",മഴക്കാലം,"രാസ മരുന്ന്, ജൈവ കീട നിയന്ത്രണം"
എള്ള്,Pigeon Pea,"മലപ്പുറം, കണ്ണൂർ, കാസർഗോഡ്","മണൽ മണ്ണ്, ചെങ്കൽ മണ്ണ്",പച്ചിലവളം,"കാർഷിക സീസൺ, മഴക്കാലം",സമഗ്ര കീട പരിപാലനം
ചായ,Grampu,"പാലക്കാട്, തിരുവനന്തപുരം","എക്കൽ മണ്ണ്, ചെങ്കൽ മണ്ണ്",പച്ചിലവളം,"വേനൽക്കാലം, കാർഷിക സീസൺ",സമഗ്ര കീട പരിപാലനം
ഫിംഗർ മില്ലറ്റ്,Finger Millet,"തൃശ്ശൂർ, വയനാട്, കോട്ടയം","കളിമണ്ണ്, മണൽ മണ്ണ്",രാസവളം,മഴക്കാലം,"രാസ മരുന്ന്, സമഗ്ര കീട പരിപാലനം"
ഉരുളക്കിഴങ്ങ്,Plantain,"തിരുവനന്തപുരം, പത്തനംതിട്ട, പാലക്കാട്",കളിമണ്ണ്,"രാസവളം, കമ്പോസ്റ്റ്",വേനൽക്കാലം,"സമഗ്ര കീട പരിപാലനം, പ്രകൃതി വഴിയുള്ള നിയന്ത്രണം"
മുരിങ്ങ,Sweet Potato,എറണാകുളം,"മണൽ മണ്ണ്, ചെങ്കൽ മണ്ണ്",പച്ചിലവളം,"മഴക്കാലം, കാർഷിക സീസൺ","ജൈവ കീട നിയന്ത്രണം, പ്രകൃതി വഴിയുള്ള നിയന്ത്രണം"
ഇഞ്ചി,Coffee,"എറണാകുളം, തൃശ്ശൂർ, വയനാട്",എക്കൽ മണ്ണ്,"കമ്പോസ്റ്റ്, രാസവളം","മഴക്കാലം, തുലാവർഷം",ജൈവ കീട നിയന്ത്രണം
കരിമ്പ്,Drumstick,"കണ്ണൂർ, മലപ്പുറം, കാസർഗോഡ്","എക്കൽ മണ്ണ്, മണൽ മണ്ണ്",ജൈവവളം,"വേനൽക്കാലം, മഴക്കാലം",സമഗ്ര കീട പരിപാലനം
നിലക്കടല,Sugarcane,പാലക്കാട്,"ചെങ്കൽ മണ്ണ്, എക്കൽ മണ്ണ്",കമ്പോസ്റ്റ്,"തുലാവർഷം, വേനൽക്കാലം",ജൈവ കീട നിയന്ത്രണം
എള്ള്,Coffee,കൊല്ലം,"കളിമണ്ണ്, മണൽ മണ്ണ്","ജൈവവളം, രാസവളം","വേനൽക്കാലം, തുലാവർഷം",പ്രകൃതി വഴിയുള്ള നിയന്ത്രണം
പൈനാപ്പിൾ,Turmeric,തിരുവനന്തപുരം,എക്കൽ മണ്ണ്,"പച്ചിലവളം, ജൈവവളം",കാർഷിക സീസൺ,സമഗ്ര കീട പരിപാലനം
ഇഞ്ചി,Black Pepper,മലപ്പുറം,"ചെങ്കൽ മണ്ണ്, മണൽ മണ്ണ്",രാസവളം,"മഴക്കാലം, വേനൽക്കാലം","രാസ മരുന്ന്, സമഗ്ര കീട പരിപാലനം"
ഉരുളക്കിഴങ്ങ്,Grampu,"തിരുവനന്തപുരം, മലപ്പുറം","എക്കൽ മണ്ണ്, ചെങ്കൽ മണ്ണ്",പച്ചിലവളം,തുലാവർഷം,"രാസ മരുന്ന്, ജൈവ കീട നിയന്ത്രണം"
കാപ്പി,Sorghum,കാസർഗോഡ്,കളിമണ്ണ്,"പച്ചിലവളം, രാസവളം","മഴക്കാലം, കാർഷിക സീസൺ","പ്രകൃതി വഴിയുള്ള നിയന്ത്രണം, ജൈവ കീട നിയന്ത്രണം"
അരിക്കാട്ട്,Coffee,"കോഴിക്കോട്, പത്തനംതിട്ട, തൃശ്ശൂർ",മണൽ മണ്ണ്,ജൈവവളം,"മഴക്കാലം, വേനൽക്കാലം","പ്രകൃതി വഴിയുള്ള നിയന്ത്രണം, സമഗ്ര കീട പരിപാലനം"
ഗോതമ്പ്,Finger Millet,"കാസർഗോഡ്, കൊല്ലം, കോഴിക്കോട്",എക്കൽ മണ്ണ്,രാസവളം,കാർഷിക സീസൺ,"രാസ മരുന്ന്, ജൈവ കീട നിയന്ത്രണം"
നിലക്കടല,Banana,"കോട്ടയം, കോഴിക്കോട്","കളിമണ്ണ്, ചെങ്കൽ മണ്ണ്",രാസവളം,"കാർഷിക സീസൺ, മഴക്കാലം","പ്രകൃതി വഴിയുള്ള നിയന്ത്രണം, രാസ മരുന്ന്"
കരിമ്പ്,Garlic,വയനാട്,"കളിമണ്ണ്, മണൽ മണ്ണ്",പച്ചിലവളം,മഴക്കാലം,"ജൈവ കീട നിയന്ത്രണം, പ്രകൃതി വഴിയുള്ള നിയന്ത്രണം"
മധുരക്കിഴങ്ങ്,Grampu,"മലപ്പുറം, കോഴിക്കോട്, പാലക്കാട്","മണൽ മണ്ണ്, കളിമണ്ണ്",രാസവളം,"തുലാവർഷം, മഴക്കാലം","പ്രകൃതി വഴിയുള്ള നിയന്ത്രണം, രാസ മരുന്ന്"
കാപ്പി,Coffee,വയനാട്,"മണൽ മണ്ണ്, ചെങ്കൽ മണ്ണ്",രാസവളം,മഴക്കാലം,സമഗ്ര കീട പരിപാലനം
ഇഞ്ചി,Wheat,"കോഴിക്കോട്, തിരുവനന്തപുരം, കോട്ടയം",ചെങ്കൽ മണ്ണ്,"കമ്പോസ്റ്റ്, ജൈവവളം","വേനൽക്കാലം, മഴക്കാലം",രാസ മരുന്ന്
മഞ്ഞൾ,Betel Leaf,"കോട്ടയം, മലപ്പുറം, കാസർഗോഡ്",എക്കൽ മണ്ണ്,"കമ്പോസ്റ്റ്, ജൈവവളം",മഴക്കാലം,ജൈവ കീട നിയന്ത്രണം
ടർ / ചുവന്ന പയർ,Coffee,"കൊല്ലം, കോഴിക്കോട്",എക്കൽ മണ്ണ്,രാസവളം,"കാർഷിക സീസൺ, തുലാവർഷം","പ്രകൃതി വഴിയുള്ള നിയന്ത്രണം, സമഗ്ര കീട പരിപാലനം"
മഞ്ഞൾ,Papaya,"കോഴിക്കോട്, തിരുവനന്തപുരം, വയനാട്",ചെങ്കൽ മണ്ണ്,"പച്ചിലവളം, ജൈവവളം","മഴക്കാലം, തുലാവർഷം","സമഗ്ര കീട പരിപാലനം, ജൈവ കീട നിയന്ത്രണം"
പരുത്തി,Coconut,കൊല്ലം,എക്കൽ മണ്ണ്,"ജൈവവളം, പച്ചിലവളം",വേനൽക്കാലം,ജൈവ കീട നിയന്ത്രണം
ഉരുളക്കിഴങ്ങ്,Coconut,വയനാട്,കളിമണ്ണ്,രാസവളം,"വേനൽക്കാലം, തുലാവർഷം",പ്രകൃതി വഴിയുള്ള നിയന്ത്രണം
മാങ്ങ,Coconut,"കണ്ണൂർ, പത്തനംതിട്ട, പാലക്കാട്",ചെങ്കൽ മണ്ണ്,ജൈവവളം,"വേനൽക്കാലം, കാർഷിക സീസൺ",രാസ മരുന്ന്
പരുത്തി,Ginger,"എറണാകുളം, തൃശ്ശൂർ","എക്കൽ മണ്ണ്, ചെങ്കൽ മണ്ണ്",ജൈവവളം,കാർഷിക സീസൺ,"പ്രകൃതി വഴിയുള്ള നിയന്ത്രണം, സമഗ്ര കീട പരിപാലനം"
കരിമ്പ്,Banana,"എറണാകുളം, പാലക്കാട്, മലപ്പുറം","എക്കൽ മണ്ണ്, മണൽ മണ്ണ്","രാസവളം, ജൈവവളം","വേനൽക്കാലം, തുലാവർഷം","രാസ മരുന്ന്, പ്രകൃതി വഴിയുള്ള നിയന്ത്രണം"
പുകയില,Chili,മലപ്പുറം,"എക്കൽ മണ്ണ്, മണൽ മണ്ണ്",രാസവളം,"വേനൽക്കാലം, തുലാവർഷം","രാസ മരുന്ന്, ജൈവ കീട നിയന്ത്രണം"
പപ്പായ,Sorghum,"കോട്ടയം, കാസർഗോഡ്","കളിമണ്ണ്, മണൽ മണ്ണ്","രാസവളം, പച്ചിലവളം",വേനൽക്കാലം,"രാസ മരുന്ന്, ജൈവ കീട നിയന്ത്രണം"
ചെറുകിട (തിനാ / ചാമ),Finger Millet,"എറണാകുളം, തിരുവനന്തപുരം",മണൽ മണ്ണ്,"രാസവളം, ജൈവവളം",വേനൽക്കാലം,"ജൈവ കീട നിയന്ത്രണം, സമഗ്ര കീട പരിപാലനം"
പപ്പായ,Tea,"കോഴിക്കോട്, പത്തനംതിട്ട, എറണാകുളം","എക്കൽ മണ്ണ്, ചെങ്കൽ മണ്ണ്","ജൈവവളം, രാസവളം",വേനൽക്കാലം,രാസ മരുന്ന്
മുരിങ്ങ,Mango,"കാസർഗോഡ്, തൃശ്ശൂർ, പാലക്കാട്",കളിമണ്ണ്,രാസവളം,"വേനൽക്കാലം, തുലാവർഷം","പ്രകൃതി വഴിയുള്ള നിയന്ത്രണം, രാസ മരുന്ന്"
കാപ്പി,Sweet Potato,കാസർഗോഡ്,കളിമണ്ണ്,"ജൈവവളം, പച്ചിലവളം","കാർഷിക സീസൺ, മഴക്കാലം","ജൈവ കീട നിയന്ത്രണം, പ്രകൃതി വഴിയുള്ള നിയന്ത്രണം"
പരുത്തി,Sweet Potato,മലപ്പുറം,"മണൽ മണ്ണ്, എക്കൽ മണ്ണ്",കമ്പോസ്റ്റ്,"തുലാവർഷം, വേനൽക്കാലം","രാസ മരുന്ന്, പ്രകൃതി വഴിയുള്ള നിയന്ത്രണം"
കൊക്കോ,Grampu,"തൃശ്ശൂർ, പത്തനംതിട്ട, ഇടുക്കി","എക്കൽ മണ്ണ്, കളിമണ്ണ്","പച്ചിലവളം, രാസവളം","മഴക്കാലം, കാർഷിക സീസൺ","സമഗ്ര കീട പരിപാലനം, രാസ മരുന്ന്"
മാങ്ങ,Potato,കൊല്ലം,എക്കൽ മണ്ണ്,"കമ്പോസ്റ്റ്, ജൈവവളം",വേനൽക്കാലം,രാസ മരുന്ന്
പപ്പായ,Arrowroot,"പാലക്കാട്, എറണാകുളം, തിരുവനന്തപുരം",മണൽ മണ്ണ്,കമ്പോസ്റ്റ്,"കാർഷിക സീസൺ, മഴക്കാലം",ജൈവ കീട നിയന്ത്രണം
മുരിങ്ങ,Banana,"പാലക്കാട്, ഇടുക്കി, കൊല്ലം","എക്കൽ മണ്ണ്, കളിമണ്ണ്",രാസവളം,"തുലാവർഷം, മഴക്കാലം","ജൈവ കീട നിയന്ത്രണം, രാസ മരുന്ന്"
ജാതിക്ക വെളുത്തുള്ളി,Sweet Potato,"തിരുവനന്തപുരം, എറണാകുളം",എക്കൽ മണ്ണ്,"കമ്പോസ്റ്റ്, ജൈവവളം",തുലാവർഷം,സമഗ്ര കീട പരിപാലനം
ഗ്രാമ്പൂ,Chili,കോട്ടയം,"എക്കൽ മണ്ണ്, മണൽ മണ്ണ്","കമ്പോസ്റ്റ്, രാസവളം",മഴക്കാലം,"ജൈവ കീട നിയന്ത്രണം, രാസ മരുന്ന്"
കശുവണ്ടി,Betel Leaf,പാലക്കാട്,"കളിമണ്ണ്, മണൽ മണ്ണ്","പച്ചിലവളം, ജൈവവളം",കാർഷിക സീസൺ,രാസ മരുന്ന്
ഫിംഗർ മില്ലറ്റ്,Black Pepper,"കോട്ടയം, വയനാട്","കളിമണ്ണ്, മണൽ മണ്ണ്",പച്ചിലവളം,"വേനൽക്കാലം, മഴക്കാലം",രാസ മരുന്ന്
ചോളം,Coconut,പാലക്കാട്,"എക്കൽ മണ്ണ്, മണൽ മണ്ണ്",ജൈവവളം,"വേനൽക്കാലം, കാർഷിക സീസൺ",സമഗ്ര കീട പരിപാലനം
ഇഞ്ചി,Finger Millet,"തിരുവനന്തപുരം, കോഴിക്കോട്","മണൽ മണ്ണ്, ചെങ്കൽ മണ്ണ്","കമ്പോസ്റ്റ്, ജൈവവളം",തുലാവർഷം,ജൈവ കീട നിയന്ത്രണം
ചോളം,Betel Leaf,"തൃശ്ശൂർ, കൊല്ലം",എക്കൽ മണ്ണ്,ജൈവവളം,കാർഷിക സീസൺ,രാസ മരുന്ന്
ടർ / ചുവന്ന പയർ,Corn,കൊല്ലം,ചെങ്കൽ മണ്ണ്,"ജൈവവളം, കമ്പോസ്റ്റ്","തുലാവർഷം, മഴക്കാലം",പ്രകൃതി വഴിയുള്ള നിയന്ത്രണം
ഗ്രാമ്പൂ,Rice,"കോഴിക്കോട്, മലപ്പുറം, പത്തനംതിട്ട","മണൽ മണ്ണ്, കളിമണ്ണ്","രാസവളം, കമ്പോസ്റ്റ്",കാർഷിക സീസൺ,"സമഗ്ര കീട പരിപാലനം, രാസ മരുന്ന്"
പപ്പായ,Cardamom,കണ്ണൂർ,"മണൽ മണ്ണ്, കളിമണ്ണ്","പച്ചിലവളം, കമ്പോസ്റ്റ്","തുലാവർഷം, മഴക്കാലം","സമഗ്ര കീട പരിപാലനം, പ്രകൃതി വഴിയുള്ള നിയന്ത്രണം"
പുകയില,Potato,കണ്ണൂർ,എക്കൽ മണ്ണ്,"രാസവളം, ജൈവവളം","വേനൽക്കാലം, മഴക്കാലം","സമഗ്ര കീട പരിപാലനം, രാസ മരുന്ന്"
പുകയില,Cocoa,പത്തനംതിട്ട,"കളിമണ്ണ്, ചെങ്കൽ മണ്ണ്","ജൈവവളം, പച്ചിലവളം",തുലാവർഷം,"സമഗ്ര കീട പരിപാലനം, പ്രകൃതി വഴിയുള്ള നിയന്ത്രണം"
പരുത്തി,Groundnut,"കാസർഗോഡ്, ഇടുക്കി",എക്കൽ മണ്ണ്,"ജൈവവളം, കമ്പോസ്റ്റ്",തുലാവർഷം,"രാസ മരുന്ന്, പ്രകൃതി വഴിയുള്ള നിയന്ത്രണം"
ഗോതമ്പ്,Small Millet,"കൊല്ലം, കോഴിക്കോട്","ചെങ്കൽ മണ്ണ്, മണൽ മണ്ണ്","പച്ചിലവളം, കമ്പോസ്റ്റ്",തുലാവർഷം,"സമഗ്ര കീട പരിപാലനം, പ്രകൃതി വഴിയുള്ള നിയന്ത്രണം"
ഫിംഗർ മില്ലറ്റ്,Groundnut,പത്തനംതിട്ട,"എക്കൽ മണ്ണ്, മണൽ മണ്ണ്","ജൈവവളം, രാസവളം",കാർഷിക സീസൺ,സമഗ്ര കീട പരിപാലനം
കരിമ്പ്,Arrowroot,"തൃശ്ശൂർ, പത്തനംതിട്ട",കളിമണ്ണ്,"രാസവളം, പച്ചിലവളം",മഴക്കാലം,"ജൈവ കീട നിയന്ത്രണം, രാസ മരുന്ന്"
മധുരക്കിഴങ്ങ്,Garlic,പാലക്കാട്,മണൽ മണ്ണ്,"കമ്പോസ്റ്റ്, രാസവളം",തുലാവർഷം,"സമഗ്ര കീട പരിപാലനം, ജൈവ കീട നിയന്ത്രണം"
തേങ്ങ,Cocoa,"തിരുവനന്തപുരം, വയനാട്","കളിമണ്ണ്, മണൽ മണ്ണ്","പച്ചിലവളം, രാസവളം","കാർഷിക സീസൺ, തുലാവർഷം",ജൈവ കീട നിയന്ത്രണം
ടർ / ചുവന്ന പയർ,Drumstick,മലപ്പുറം,"എക്കൽ മണ്ണ്, മണൽ മണ്ണ്","കമ്പോസ്റ്റ്, പച്ചിലവളം",വേനൽക്കാലം,"പ്രകൃതി വഴിയുള്ള നിയന്ത്രണം, രാസ മരുന്ന്"
മാങ്ങ,Finger Millet,"പാലക്കാട്, കൊല്ലം","ചെങ്കൽ മണ്ണ്, കളിമണ്ണ്",പച്ചിലവളം,തുലാവർഷം,പ്രകൃതി വഴിയുള്ള നിയന്ത്രണം
അരിക്കാട്ട്,Corn,വയനാട്,"മണൽ മണ്ണ്, എക്കൽ മണ്ണ്","പച്ചിലവളം, ജൈവവളം",മഴക്കാലം,പ്രകൃതി വഴിയുള്ള നിയന്ത്രണം
അരിക്കാട്ട്,Coconut,"കോഴിക്കോട്, മലപ്പുറം, കണ്ണൂർ","കളിമണ്ണ്, എക്കൽ മണ്ണ്",കമ്പോസ്റ്റ്,"തുലാവർഷം, കാർഷിക സീസൺ","സമഗ്ര കീട പരിപാലനം, പ്രകൃതി വഴിയുള്ള നിയന്ത്രണം"
എള്ള്,Wheat,എറണാകുളം,"കളിമണ്ണ്, മണൽ മണ്ണ്",പച്ചിലവളം,തുലാവർഷം,"ജൈവ കീട നിയന്ത്രണം, രാസ മരുന്ന്"
കരിമ്പ്,Cardamom,"തൃശ്ശൂർ, എറണാകുളം",എക്കൽ മണ്ണ്,രാസവളം,"മഴക്കാലം, കാർഷിക സീസൺ","രാസ മരുന്ന്, സമഗ്ര കീട പരിപാലനം"
ചെറുകിട (തിനാ / ചാമ),Cotton,കോഴിക്കോട്,"എക്കൽ മണ്ണ്, ചെങ്കൽ മണ്ണ്",കമ്പോസ്റ്റ്,വേനൽക്കാലം,ജൈവ കീട നിയന്ത്രണം
വാഴപ്പഴം,Wheat,"എറണാകുളം, തൃശ്ശൂർ, ഇടുക്കി",ചെങ്കൽ മണ്ണ്,"രാസവളം, കമ്പോസ്റ്റ്",മഴക്കാലം,"സമഗ്ര കീട പരിപാലനം, ജൈവ കീട നിയന്ത്രണം"
ചോളം,Plantain,"കൊല്ലം, കണ്ണൂർ, കോട്ടയം","മണൽ മണ്ണ്, ചെങ്കൽ മണ്ണ്","പച്ചിലവളം, രാസവളം","തുലാവർഷം, കാർഷിക സീസൺ",ജൈവ കീട നിയന്ത്രണം
നിലക്കടല,Black Pepper,"കൊല്ലം, തൃശ്ശൂർ","ചെങ്കൽ മണ്ണ്, കളിമണ്ണ്","ജൈവവളം, കമ്പോസ്റ്റ്","തുലാവർഷം, കാർഷിക സീസൺ",രാസ മരുന്ന്
പരുത്തി,Papaya,"ഇടുക്കി, എറണാകുളം, കാസർഗോഡ്",മണൽ മണ്ണ്,"രാസവളം, ജൈവവളം","വേനൽക്കാലം, മഴക്കാലം",സമഗ്ര കീട പരിപാലനം
ജാതിക്ക വെളുത്തുള്ളി,Grampu,"ഇടുക്കി, കോഴിക്കോട്, കൊല്ലം",എക്കൽ മണ്ണ്,രാസവളം,"വേനൽക്കാലം, തുലാവർഷം",പ്രകൃതി വഴിയുള്ള നിയന്ത്രണം
ഏലം,Cotton,കാസർഗോഡ്,"ചെങ്കൽ മണ്ണ്, കളിമണ്ണ്",പച്ചിലവളം,മഴക്കാലം,രാസ മരുന്ന്
കരിമ്പ്,Drumstick,"മലപ്പുറം, പാലക്കാട്, കണ്ണൂർ","ചെങ്കൽ മണ്ണ്, മണൽ മണ്ണ്",പച്ചിലവളം,"മഴക്കാലം, തുലാവർഷം","പ്രകൃതി വഴിയുള്ള നിയന്ത്രണം, ജൈവ കീട നിയന്ത്രണം"
കരിമ്പ്,Sweet Potato,"കൊല്ലം, കോട്ടയം",ചെങ്കൽ മണ്ണ്,"ജൈവവളം, പച്ചിലവളം",തുലാവർഷം,സമഗ്ര കീട പരിപാലനം
ടർ / ചുവന്ന പയർ,Sweet Potato,"കൊല്ലം, കാസർഗോഡ്",ചെങ്കൽ മണ്ണ്,രാസവളം,"കാർഷിക സീസൺ, തുലാവർഷം",സമഗ്ര കീട പരിപാലനം
ഇഞ്ചി,Banana,"കാസർഗോഡ്, കോട്ടയം, കോഴിക്കോട്",ചെങ്കൽ മണ്ണ്,രാസവളം,കാർഷിക സീസൺ,സമഗ്ര കീട പരിപാലനം
വാഴപ്പഴം,Groundnut,"എറണാകുളം, കൊല്ലം",ചെങ്കൽ മണ്ണ്,പച്ചിലവളം,"വേനൽക്കാലം, മഴക്കാലം",രാസ മരുന്ന്
എള്ള്,Grampu,"മലപ്പുറം, കോഴിക്കോട്, ഇടുക്കി",എക്കൽ മണ്ണ്,"ജൈവവളം, കമ്പോസ്റ്റ്",കാർഷിക സീസൺ,"സമഗ്ര കീട പരിപാലനം, ജൈവ കീട നിയന്ത്രണം"
തേങ്ങ,Potato,"മലപ്പുറം, കൊല്ലം",എക്കൽ മണ്ണ്,"ജൈവവളം, പച്ചിലവളം",തുലാവർഷം,"രാസ മരുന്ന്, പ്രകൃതി വഴിയുള്ള നിയന്ത്രണം"
മാങ്ങ,Coffee,"തൃശ്ശൂർ, പാലക്കാട്, കോട്ടയം",മണൽ മണ്ണ്,"പച്ചിലവളം, രാസവളം",വേനൽക്കാലം,പ്രകൃതി വഴിയുള്ള നിയന്ത്രണം
തേങ്ങ,Grampu,"കോട്ടയം, ഇടുക്കി, തിരുവനന്തപുരം","ചെങ്കൽ മണ്ണ്, കളിമണ്ണ്",പച്ചിലവളം,"കാർഷിക സീസൺ, തുലാവർഷം",രാസ മരുന്ന്
ജാതിക്ക വെളുത്തുള്ളി,Sweet Potato,പാലക്കാട്,"ചെങ്കൽ മണ്ണ്, എക്കൽ മണ്ണ്",പച്ചിലവളം,കാർഷിക സീസൺ,"സമഗ്ര കീട പരിപാലനം, ജൈവ കീട നിയന്ത്രണം"
ചോളം,Plantain,"തൃശ്ശൂർ, കോട്ടയം","കളിമണ്ണ്, ചെങ്കൽ മണ്ണ്","ജൈവവളം, കമ്പോസ്റ്റ്",കാർഷിക സീസൺ,"രാസ മരുന്ന്, സമഗ്ര കീട പരിപാലനം"
നിലക്കടല,Sweet Potato,"കാസർഗോഡ്, പത്തനംതിട്ട, കോട്ടയം",ചെങ്കൽ മണ്ണ്,"രാസവളം, കമ്പോസ്റ്റ്","കാർഷിക സീസൺ, തുലാവർഷം",രാസ മരുന്ന്
മുരിങ്ങ,Sorghum,"ഇടുക്കി, കണ്ണൂർ",എക്കൽ മണ്ണ്,പച്ചിലവളം,മഴക്കാലം,ജൈവ കീട നിയന്ത്രണം
ചോളം,Wheat,"തിരുവനന്തപുരം, കൊല്ലം, കണ്ണൂർ",മണൽ മണ്ണ്,"പച്ചിലവളം, രാസവളം",കാർഷിക സീസൺ,"സമഗ്ര കീട പരിപാലനം, ജൈവ കീട നിയന്ത്രണം"
പച്ചമുളക്,Cashew,"തൃശ്ശൂർ, കോട്ടയം",കളിമണ്ണ്,"കമ്പോസ്റ്റ്, രാസവളം","വേനൽക്കാലം, കാർഷിക സീസൺ","പ്രകൃതി വഴിയുള്ള നിയന്ത്രണം, സമഗ്ര കീട പരിപാലനം"
ഏലം,Ginger,"തിരുവനന്തപുരം, എറണാകുളം, തൃശ്ശൂർ",മണൽ മണ്ണ്,രാസവളം,"തുലാവർഷം, മഴക്കാലം","സമഗ്ര കീട പരിപാലനം, പ്രകൃതി വഴിയുള്ള നിയന്ത്രണം"
അരിക്കാട്ട്,Ginger,"തിരുവനന്തപുരം, കൊല്ലം, കോഴിക്കോട്","എക്കൽ മണ്ണ്, കളിമണ്ണ്",ജൈവവളം,തുലാവർഷം,രാസ മരുന്ന്
എള്ള്,Grampu,"ഇടുക്കി, കാസർഗോഡ്",മണൽ മണ്ണ്,"പച്ചിലവളം, ജൈവവളം","തുലാവർഷം, കാർഷിക സീസൺ",രാസ മരുന്ന്
പപ്പായ,Turmeric,"കോഴിക്കോട്, വയനാട്",ചെങ്കൽ മണ്ണ്,"കമ്പോസ്റ്റ്, രാസവളം","കാർഷിക സീസൺ, മഴക്കാലം",ജൈവ കീട നിയന്ത്രണം
ഏലം,Finger Millet,വയനാട്,"എക്കൽ മണ്ണ്, ചെങ്കൽ മണ്ണ്",ജൈവവളം,തുലാവർഷം,"പ്രകൃതി വഴിയുള്ള നിയന്ത്രണം, സമഗ്ര കീട പരിപാലനം"
ചെറുകിട (തിനാ / ചാമ),Coconut,"പാലക്കാട്, ഇടുക്കി","ചെങ്കൽ മണ്ണ്, കളിമണ്ണ്","ജൈവവളം, കമ്പോസ്റ്റ്",തുലാവർഷം,ജൈവ കീട നിയന്ത്രണം
ചെറുകിട (തിനാ / ചാമ),Coffee,"കാസർഗോഡ്, കൊല്ലം, മലപ്പുറം","ചെങ്കൽ മണ്ണ്, കളിമണ്ണ്","രാസവളം, പച്ചിലവളം",കാർഷിക സീസൺ,ജൈവ കീട നിയന്ത്രണം
ജാതിക്ക വെളുത്തുള്ളി,Black Pepper,കാസർഗോഡ്,ചെങ്കൽ മണ്ണ്,പച്ചിലവളം,വേനൽക്കാലം,സമഗ്ര കീട പരിപാലനം
ഗോതമ്പ്,Ginger,പത്തനംതിട്ട,കളിമണ്ണ്,രാസവളം,"കാർഷിക സീസൺ, മഴക്കാലം",സമഗ്ര കീട പരിപാലനം
മധുരക്കിഴങ്ങ്,Tobacco,"തൃശ്ശൂർ, മലപ്പുറം, തിരുവനന്തപുരം","ചെങ്കൽ മണ്ണ്, കളിമണ്ണ്",പച്ചിലവളം,വേനൽക്കാലം,പ്രകൃതി വഴിയുള്ള നിയന്ത്രണം
ഫിംഗർ മില്ലറ്റ്,Wheat,"പാലക്കാട്, പത്തനംതിട്ട","ചെങ്കൽ മണ്ണ്, മണൽ മണ്ണ്",രാസവളം,"തുലാവർഷം, കാർഷിക സീസൺ",ജൈവ കീട നിയന്ത്രണം
ചോളം,Black Pepper,"തിരുവനന്തപുരം, കാസർഗോഡ്, കോഴിക്കോട്",കളിമണ്ണ്,"കമ്പോസ്റ്റ്, പച്ചിലവളം","തുലാവർഷം, മഴക്കാലം",രാസ മരുന്ന്
ഉരുളക്കിഴങ്ങ്,Arrowroot,കോഴിക്കോട്,"മണൽ മണ്ണ്, ചെങ്കൽ മണ്ണ്",ജൈവവളം,കാർഷിക സീസൺ,"പ്രകൃതി വഴിയുള്ള നിയന്ത്രണം, ജൈവ കീട നിയന്ത്രണം"
വെറ്റില,Mango,പത്തനംതിട്ട,"കളിമണ്ണ്, ചെങ്കൽ മണ്ണ്","രാസവളം, ജൈവവളം","കാർഷിക സീസൺ, മഴക്കാലം",ജൈവ കീട നിയന്ത്രണം
വാഴപ്പഴം,Plantain,"എറണാകുളം, കോഴിക്കോട്",ചെങ്കൽ മണ്ണ്,"കമ്പോസ്റ്റ്, പച്ചിലവളം",വേനൽക്കാലം,പ്രകൃതി വഴിയുള്ള നിയന്ത്രണം
പൈനാപ്പിൾ,Chili,പാലക്കാട്,ചെങ്കൽ മണ്ണ്,"കമ്പോസ്റ്റ്, രാസവളം",തുലാവർഷം,ജൈവ കീട നിയന്ത്രണം
വെറ്റില,Tobacco,കൊല്ലം,"കളിമണ്ണ്, മണൽ മണ്ണ്",ജൈവവളം,വേനൽക്കാലം,രാസ മരുന്ന്
ചെറുകിട (തിനാ / ചാമ),Drumstick,"കോട്ടയം, കൊല്ലം",ചെങ്കൽ മണ്ണ്,"ജൈവവളം, പച്ചിലവളം","തുലാവർഷം, മഴക്കാലം","ജൈവ കീട നിയന്ത്രണം, പ്രകൃതി വഴിയുള്ള നിയന്ത്രണം"
പരുത്തി,Sesame,പാലക്കാട്,മണൽ മണ്ണ്,ജൈവവളം,"മഴക്കാലം, വേനൽക്കാലം",പ്രകൃതി വഴിയുള്ള നിയന്ത്രണം
കുരുമുളക്,Finger Millet,"കണ്ണൂർ, പാലക്കാട്, എറണാകുളം",ചെങ്കൽ മണ്ണ്,"ജൈവവളം, രാസവളം",തുലാവർഷം,ജൈവ കീട നിയന്ത്രണം
കരിമ്പ്,Tobacco,കാസർഗോഡ്,"ചെങ്കൽ മണ്ണ്, മണൽ മണ്ണ്","പച്ചിലവളം, രാസവളം","വേനൽക്കാലം, കാർഷിക സീസൺ","സമഗ്ര കീട പരിപാലനം, ജൈവ കീട നിയന്ത്രണം"
മധുരക്കിഴങ്ങ്,Garlic,എറണാകുളം,എക്കൽ മണ്ണ്,"പച്ചിലവളം, രാസവളം",മഴക്കാലം,"രാസ മരുന്ന്, സമഗ്ര കീട പരിപാലനം"
പുകയില,Cotton,"കോട്ടയം, പത്തനംതിട്ട, കോഴിക്കോട്","കളിമണ്ണ്, ചെങ്കൽ മണ്ണ്",ജൈവവളം,"വേനൽക്കാലം, മഴക്കാലം","പ്രകൃതി വഴിയുള്ള നിയന്ത്രണം, രാസ മരുന്ന്"
ഉരുളക്കിഴങ്ങ്,Drumstick,"പാലക്കാട്, തിരുവനന്തപുരം, കൊല്ലം","മണൽ മണ്ണ്, എക്കൽ മണ്ണ്","രാസവളം, പച്ചിലവളം","വേനൽക്കാലം, മഴക്കാലം","സമഗ്ര കീട പരിപാലനം, ജൈവ കീട നിയന്ത്രണം"
അരിക്കാട്ട്,Turmeric,മലപ്പുറം,കളിമണ്ണ്,പച്ചിലവളം,മഴക്കാലം,"സമഗ്ര കീട പരിപാലനം, പ്രകൃതി വഴിയുള്ള നിയന്ത്രണം"
ജാതിക്ക വെളുത്തുള്ളി,Drumstick,തിരുവനന്തപുരം,മണൽ മണ്ണ്,"കമ്പോസ്റ്റ്, പച്ചിലവളം",തുലാവർഷം,രാസ മരുന്ന്
പച്ചമുളക്,Chili,"പത്തനംതിട്ട, കോട്ടയം",കളിമണ്ണ്,രാസവളം,"കാർഷിക സീസൺ, വേനൽക്കാലം","പ്രകൃതി വഴിയുള്ള നിയന്ത്രണം, രാസ മരുന്ന്"
ചെറുകിട (തിനാ / ചാമ),Mango,കാസർഗോഡ്,"കളിമണ്ണ്, മണൽ മണ്ണ്",രാസവളം,മഴക്കാലം,"രാസ മരുന്ന്, പ്രകൃതി വഴിയുള്ള നിയന്ത്രണം"
ഇഞ്ചി,Rice,"പാലക്കാട്, കോട്ടയം, എറണാകുളം",എക്കൽ മണ്ണ്,"രാസവളം, പച്ചിലവളം","മഴക്കാലം, വേനൽക്കാലം",ജൈവ കീട നിയന്ത്രണം
അരിക്കാട്ട്,Sugarcane,കോഴിക്കോട്,മണൽ മണ്ണ്,രാസവളം,"തുലാവർഷം, വേനൽക്കാലം","രാസ മരുന്ന്, സമഗ്ര കീട പരിപാലനം"
മാങ്ങ,Betel Leaf,"കാസർഗോഡ്, ഇടുക്കി, എറണാകുളം","കളിമണ്ണ്, മണൽ മണ്ണ്",രാസവളം,"വേനൽക്കാലം, തുലാവർഷം",പ്രകൃതി വഴിയുള്ള നിയന്ത്രണം
പരുത്തി,Sweet Potato,മലപ്പുറം,"കളിമണ്ണ്, എക്കൽ മണ്ണ്",പച്ചിലവളം,വേനൽക്കാലം,പ്രകൃതി വഴിയുള്ള നിയന്ത്രണം
ചെറുകിട (തിനാ / ചാമ),Garlic,"മലപ്പുറം, കോട്ടയം","ചെങ്കൽ മണ്ണ്, മണൽ മണ്ണ്",രാസവളം,തുലാവർഷം,ജൈവ കീട നിയന്ത്രണം
മാങ്ങ,Cardamom,കണ്ണൂർ,"എക്കൽ മണ്ണ്, കളിമണ്ണ്","പച്ചിലവളം, രാസവളം",തുലാവർഷം,രാസ മരുന്ന്
ഗോതമ്പ്,Grampu,"കണ്ണൂർ, പാലക്കാട്",എക്കൽ മണ്ണ്,"ജൈവവളം, രാസവളം",വേനൽക്കാലം,സമഗ്ര കീട പരിപാലനം
ജാതിക്ക വെളുത്തുള്ളി,Chili,"കോട്ടയം, ഇടുക്കി, മലപ്പുറം","എക്കൽ മണ്ണ്, കളിമണ്ണ്","ജൈവവളം, കമ്പോസ്റ്റ്",കാർഷിക സീസൺ,രാസ മരുന്ന്
ചായ,Wheat,മലപ്പുറം,എക്കൽ മണ്ണ്,ജൈവവളം,"മഴക്കാലം, തുലാവർഷം","സമഗ്ര കീട പരിപാലനം, രാസ മരുന്ന്"
ഉരുളക്കിഴങ്ങ്,Small Millet,"തൃശ്ശൂർ, കോട്ടയം",കളിമണ്ണ്,പച്ചിലവളം,"വേനൽക്കാലം, കാർഷിക സീസൺ",രാസ മരുന്ന്
കരിമ്പ്,Cashew,"തിരുവനന്തപുരം, കൊല്ലം",കളിമണ്ണ്,ജൈവവളം,"കാർഷിക സീസൺ, മഴക്കാലം",ജൈവ കീട നിയന്ത്രണം
മാങ്ങ,Cashew,"ഇടുക്കി, എറണാകുളം, തിരുവനന്തപുരം","മണൽ മണ്ണ്, ചെങ്കൽ മണ്ണ്","ജൈവവളം, രാസവളം",തുലാവർഷം,"രാസ മരുന്ന്, ജൈവ കീട നിയന്ത്രണം"
നിലക്കടല,Turmeric,"പാലക്കാട്, കോട്ടയം, വയനാട്","ചെങ്കൽ മണ്ണ്, മണൽ മണ്ണ്","കമ്പോസ്റ്റ്, ജൈവവളം",മഴക്കാലം,രാസ മരുന്ന്
മാങ്ങ,Coconut,"കോട്ടയം, മലപ്പുറം",ചെങ്കൽ മണ്ണ്,പച്ചിലവളം,"മഴക്കാലം, വേനൽക്കാലം",പ്രകൃതി വഴിയുള്ള നിയന്ത്രണം
വാഴപ്പഴം,Coffee,"എറണാകുളം, തിരുവനന്തപുരം, വയനാട്","ചെങ്കൽ മണ്ണ്, മണൽ മണ്ണ്",പച്ചിലവളം,വേനൽക്കാലം,രാസ മരുന്ന്
എള്ള്,Papaya,പത്തനംതിട്ട,ചെങ്കൽ മണ്ണ്,"പച്ചിലവളം, കമ്പോസ്റ്റ്",തുലാവർഷം,സമഗ്ര കീട പരിപാലനം
പച്ചമുളക്,Drumstick,"തൃശ്ശൂർ, എറണാകുളം, കാസർഗോഡ്",കളിമണ്ണ്,രാസവളം,മഴക്കാലം,"രാസ മരുന്ന്, സമഗ്ര കീട പരിപാലനം"
എള്ള്,Pineapple,കൊല്ലം,"മണൽ മണ്ണ്, കളിമണ്ണ്",രാസവളം,"മഴക്കാലം, കാർഷിക സീസൺ",സമഗ്ര കീട പരിപാലനം
ഗോതമ്പ്,Plantain,ഇടുക്കി,"എക്കൽ മണ്ണ്, ചെങ്കൽ മണ്ണ്","കമ്പോസ്റ്റ്, ജൈവവളം","വേനൽക്കാലം, കാർഷിക സീസൺ",ജൈവ കീട നിയന്ത്രണം
കശുവണ്ടി,Mango,"വയനാട്, എറണാകുളം, പത്തനംതിട്ട",എക്കൽ മണ്ണ്,പച്ചിലവളം,"മഴക്കാലം, തുലാവർഷം",ജൈവ കീട നിയന്ത്രണം
കരിമ്പ്,Tea,"തൃശ്ശൂർ, തിരുവനന്തപുരം",ചെങ്കൽ മണ്ണ്,"രാസവളം, പച്ചിലവളം",വേനൽക്കാലം,"രാസ മരുന്ന്, ജൈവ കീട നിയന്ത്രണം"
കൊക്കോ,Tobacco,തൃശ്ശൂർ,"മണൽ മണ്ണ്, എക്കൽ മണ്ണ്","രാസവളം, ജൈവവളം",കാർഷിക സീസൺ,ജൈവ കീട നിയന്ത്രണം
കരിമ്പ്,Coconut,കോഴിക്കോട്,"ചെങ്കൽ മണ്ണ്, കളിമണ്ണ്",കമ്പോസ്റ്റ്,തുലാവർഷം,രാസ മരുന്ന്
കാപ്പി,Arrowroot,"എറണാകുളം, പാലക്കാട്, കോട്ടയം","കളിമണ്ണ്, ചെങ്കൽ മണ്ണ്",ജൈവവളം,വേനൽക്കാലം,"സമഗ്ര കീട പരിപാലനം, രാസ മരുന്ന്"
ഗ്രാമ്പൂ,Coffee,"ഇടുക്കി, കൊല്ലം, തിരുവനന്തപുരം",കളിമണ്ണ്,ജൈവവളം,തുലാവർഷം,സമഗ്ര കീട പരിപാലനം
കാപ്പി,Arrowroot,"കാസർഗോഡ്, വയനാട്",കളിമണ്ണ്,രാസവളം,"വേനൽക്കാലം, കാർഷിക സീസൺ","ജൈവ കീട നിയന്ത്രണം, സമഗ്ര കീട പരിപാലനം"
ഗ്രാമ്പൂ,Sesame,"കോഴിക്കോട്, ഇടുക്കി","എക്കൽ മണ്ണ്, മണൽ മണ്ണ്","ജൈവവളം, കമ്പോസ്റ്റ്",കാർഷിക സീസൺ,സമഗ്ര കീട പരിപാലനം
ഉരുളക്കിഴങ്ങ്,Tea,എറണാകുളം,"ചെങ്കൽ മണ്ണ്, എക്കൽ മണ്ണ്",രാസവളം,"തുലാവർഷം, മഴക്കാലം","ജൈവ കീട നിയന്ത്രണം, സമഗ്ര കീട പരിപാലനം"
ജാതിക്ക വെളുത്തുള്ളി,Pineapple,കാസർഗോഡ്,"കളിമണ്ണ്, എക്കൽ മണ്ണ്","രാസവളം, പച്ചിലവളം","കാർഷിക സീസൺ, തുലാവർഷം","രാസ മരുന്ന്, ജൈവ കീട നിയന്ത്രണം"
നിലക്കടല,Coffee,"മലപ്പുറം, കണ്ണൂർ","ചെങ്കൽ മണ്ണ്, കളിമണ്ണ്","പച്ചിലവളം, രാസവളം",കാർഷിക സീസൺ,രാസ മരുന്ന്
പരുത്തി,Cotton,"കോട്ടയം, പത്തനംതിട്ട, എറണാകുളം","ചെങ്കൽ മണ്ണ്, എക്കൽ മണ്ണ്",കമ്പോസ്റ്റ്,മഴക്കാലം,സമഗ്ര കീട പരിപാലനം
ചെറുകിട (തിനാ / ചാമ),Sweet Potato,"കൊല്ലം, വയനാട്, പത്തനംതിട്ട",എക്കൽ മണ്ണ്,രാസവളം,"വേനൽക്കാലം, കാർഷിക സീസൺ","ജൈവ കീട നിയന്ത്രണം, സമഗ്ര കീട പരിപാലനം"
പുകയില,Betel Leaf,കാസർഗോഡ്,"മണൽ മണ്ണ്, കളിമണ്ണ്","ജൈവവളം, പച്ചിലവളം","തുലാവർഷം, മഴക്കാലം","ജൈവ കീട നിയന്ത്രണം, സമഗ്ര കീട പരിപാലനം"
വാഴപ്പഴം,Black Pepper,"വയനാട്, പത്തനംതിട്ട",കളിമണ്ണ്,"പച്ചിലവളം, കമ്പോസ്റ്റ്",വേനൽക്കാലം,"ജൈവ കീട നിയന്ത്രണം, രാസ മരുന്ന്"
പച്ചമുളക്,Sorghum,"ഇടുക്കി, കണ്ണൂർ, തൃശ്ശൂർ","കളിമണ്ണ്, എക്കൽ മണ്ണ്",പച്ചിലവളം,തുലാവർഷം,"പ്രകൃതി വഴിയുള്ള നിയന്ത്രണം, ജൈവ കീട നിയന്ത്രണം"
വെറ്റില,Pineapple,"തിരുവനന്തപുരം, പത്തനംതിട്ട, തൃശ്ശൂർ","കളിമണ്ണ്, മണൽ മണ്ണ്",കമ്പോസ്റ്റ്,"തുലാവർഷം, മഴക്കാലം",ജൈവ കീട നിയന്ത്രണം
ടർ / ചുവന്ന പയർ,Plantain,കോഴിക്കോട്,"കളിമണ്ണ്, ചെങ്കൽ മണ്ണ്",രാസവളം,മഴക്കാലം,ജൈവ കീട നിയന്ത്രണം
പുകയില,Black Pepper,"കൊല്ലം, തിരുവനന്തപുരം, തൃശ്ശൂർ","കളിമണ്ണ്, മണൽ മണ്ണ്","കമ്പോസ്റ്റ്, രാസവളം",വേനൽക്കാലം,പ്രകൃതി വഴിയുള്ള നിയന്ത്രണം
കാപ്പി,Mango,"തൃശ്ശൂർ, എറണാകുളം, വയനാട്",ചെങ്കൽ മണ്ണ്,പച്ചിലവളം,തുലാവർഷം,"പ്രകൃതി വഴിയുള്ള നിയന്ത്രണം, രാസ മരുന്ന്"
ചെറുകിട (തിനാ / ചാമ),Chili,"പത്തനംതിട്ട, കൊല്ലം, മലപ്പുറം","എക്കൽ മണ്ണ്, മണൽ മണ്ണ്",പച്ചിലവളം,"മഴക്കാലം, കാർഷിക സീസൺ",രാസ മരുന്ന്
വാഴപ്പഴം,Sugarcane,തിരുവനന്തപുരം,കളിമണ്ണ്,"ജൈവവളം, രാസവളം",മഴക്കാലം,"രാസ മരുന്ന്, ജൈവ കീട നിയന്ത്രണം"
ഗ്രാമ്പൂ,Sweet Potato,"പത്തനംതിട്ട, കൊല്ലം","കളിമണ്ണ്, എക്കൽ മണ്ണ്","ജൈവവളം, രാസവളം",കാർഷിക സീസൺ,"രാസ മരുന്ന്, പ്രകൃതി വഴിയുള്ള നിയന്ത്രണം"
ജാതിക്ക വെളുത്തുള്ളി,Groundnut,"തിരുവനന്തപുരം, ഇടുക്കി, മലപ്പുറം","മണൽ മണ്ണ്, കളിമണ്ണ്","രാസവളം, കമ്പോസ്റ്റ്",വേനൽക്കാലം,"പ്രകൃതി വഴിയുള്ള നിയന്ത്രണം, രാസ മരുന്ന്"
പരുത്തി,Grampu,എറണാകുളം,മണൽ മണ്ണ്,രാസവളം,മഴക്കാലം,"ജൈവ കീട നിയന്ത്രണം, രാസ മരുന്ന്"
ഇഞ്ചി,Tobacco,"ഇടുക്കി, മലപ്പുറം, കൊല്ലം",എക്കൽ മണ്ണ്,"കമ്പോസ്റ്റ്, രാസവളം","തുലാവർഷം, വേനൽക്കാലം",പ്രകൃതി വഴിയുള്ള നിയന്ത്രണം
മുരിങ്ങ,Sweet Potato,"എറണാകുളം, പാലക്കാട്",ചെങ്കൽ മണ്ണ്,"രാസവളം, കമ്പോസ്റ്റ്",തുലാവർഷം,സമഗ്ര കീട പരിപാലനം
പരുത്തി,Sweet Potato,കോഴിക്കോട്,എക്കൽ മണ്ണ്,രാസവളം,കാർഷിക സീസൺ,പ്രകൃതി വഴിയുള്ള നിയന്ത്രണം
മഞ്ഞൾ,Betel Leaf,"പത്തനംതിട്ട, കൊല്ലം","കളിമണ്ണ്, മണൽ മണ്ണ്",ജൈവവളം,തുലാവർഷം,ജൈവ കീട നിയന്ത്രണം
വാഴപ്പഴം,Groundnut,കോഴിക്കോട്,"ചെങ്കൽ മണ്ണ്, എക്കൽ മണ്ണ്",ജൈവവളം,മഴക്കാലം,"പ്രകൃതി വഴിയുള്ള നിയന്ത്രണം, സമഗ്ര കീട പരിപാലനം"
ഗ്രാമ്പൂ,Sesame,ഇടുക്കി,ചെങ്കൽ മണ്ണ്,കമ്പോസ്റ്റ്,മഴക്കാലം,ജൈവ കീട നിയന്ത്രണം
മാങ്ങ,Small Millet,"തൃശ്ശൂർ, പത്തനംതിട്ട","മണൽ മണ്ണ്, ചെങ്കൽ മണ്ണ്",രാസവളം,"മഴക്കാലം, തുലാവർഷം",സമഗ്ര കീട പരിപാലനം
ഫിംഗർ മില്ലറ്റ്,Pigeon Pea,വയനാട്,"എക്കൽ മണ്ണ്, ചെങ്കൽ മണ്ണ്","പച്ചിലവളം, കമ്പോസ്റ്റ്",മഴക്കാലം,പ്രകൃതി വഴിയുള്ള നിയന്ത്രണം
കുരുമുളക്,Coconut,വയനാട്,എക്കൽ മണ്ണ്,"ജൈവവളം, കമ്പോസ്റ്റ്",വേനൽക്കാലം,ജൈവ കീട നിയന്ത്രണം
ചോളം,Tobacco,പാലക്കാട്,"എക്കൽ മണ്ണ്, ചെങ്കൽ മണ്ണ്",ജൈവവളം,മഴക്കാലം,രാസ മരുന്ന്
ചായ,Pigeon Pea,"കോട്ടയം, കോഴിക്കോട്","എക്കൽ മണ്ണ്, മണൽ മണ്ണ്","കമ്പോസ്റ്റ്, രാസവളം",തുലാവർഷം,പ്രകൃതി വഴിയുള്ള നിയന്ത്രണം
കൊക്കോ,Finger Millet,പത്തനംതിട്ട,ചെങ്കൽ മണ്ണ്,കമ്പോസ്റ്റ്,മഴക്കാലം,"ജൈവ കീട നിയന്ത്രണം, രാസ മരുന്ന്"
പുകയില,Mango,പാലക്കാട്,"മണൽ മണ്ണ്, എക്കൽ മണ്ണ്","രാസവളം, പച്ചിലവളം","മഴക്കാലം, കാർഷിക സീസൺ",പ്രകൃതി വഴിയുള്ള നിയന്ത്രണം
മുരിങ്ങ,Cashew,"കോട്ടയം, വയനാട്, പാലക്കാട്","ചെങ്കൽ മണ്ണ്, എക്കൽ മണ്ണ്",രാസവളം,"വേനൽക്കാലം, മഴക്കാലം","സമഗ്ര കീട പരിപാലനം, പ്രകൃതി വഴിയുള്ള നിയന്ത്രണം"
കരിമ്പ്,Rice,മലപ്പുറം,ചെങ്കൽ മണ്ണ്,"രാസവളം, ജൈവവളം","തുലാവർഷം, കാർഷിക സീസൺ",സമഗ്ര കീട പരിപാലനം
ഇഞ്ചി,Finger Millet,"കണ്ണൂർ, കോട്ടയം, വയനാട്",മണൽ മണ്ണ്,രാസവളം,മഴക്കാലം,"സമഗ്ര കീട പരിപാലനം, രാസ മരുന്ന്"
പപ്പായ,Corn,"തൃശ്ശൂർ, പത്തനംതിട്ട, കാസർഗോഡ്",മണൽ മണ്ണ്,പച്ചിലവളം,തുലാവർഷം,സമഗ്ര കീട പരിപാലനം
അരിക്കാട്ട്,Small Millet,"കോട്ടയം, കോഴിക്കോട്, കൊല്ലം",മണൽ മണ്ണ്,കമ്പോസ്റ്റ്,"തുലാവർഷം, കാർഷിക സീസൺ",രാസ മരുന്ന്
മുരിങ്ങ,Coconut,"കണ്ണൂർ, തിരുവനന്തപുരം, കാസർഗോഡ്","മണൽ മണ്ണ്, കളിമണ്ണ്",കമ്പോസ്റ്റ്,"വേനൽക്കാലം, കാർഷിക സീസൺ",പ്രകൃതി വഴിയുള്ള നിയന്ത്രണം
കശുവണ്ടി,Coffee,"കൊല്ലം, കോഴിക്കോട്","കളിമണ്ണ്, ചെങ്കൽ മണ്ണ്","പച്ചിലവളം, രാസവളം","തുലാവർഷം, കാർഷിക സീസൺ","സമഗ്ര കീട പരിപാലനം, രാസ മരുന്ന്"
ചെറുകിട (തിനാ / ചാമ),Betel Leaf,"എറണാകുളം, പത്തനംതിട്ട",ചെങ്കൽ മണ്ണ്,"കമ്പോസ്റ്റ്, പച്ചിലവളം","മഴക്കാലം, തുലാവർഷം","ജൈവ കീട നിയന്ത്രണം, സമഗ്ര കീട പരിപാലനം"
കൊക്കോ,Sugarcane,"പത്തനംതിട്ട, കോഴിക്കോട്","എക്കൽ മണ്ണ്, മണൽ മണ്ണ്","ജൈവവളം, രാസവളം",തുലാവർഷം,"രാസ മരുന്ന്, സമഗ്ര കീട പരിപാലനം"
ചായ,Pineapple,"മലപ്പുറം, തിരുവനന്തപുരം","ചെങ്കൽ മണ്ണ്, മണൽ മണ്ണ്","പച്ചിലവളം, ജൈവവളം","വേനൽക്കാലം, കാർഷിക സീസൺ",ജൈവ കീട നിയന്ത്രണം
പച്ചമുളക്,Coconut,"വയനാട്, കൊല്ലം","കളിമണ്ണ്, എക്കൽ മണ്ണ്",ജൈവവളം,"തുലാവർഷം, വേനൽക്കാലം",സമഗ്ര കീട പരിപാലനം
തേങ്ങ,Sugarcane,"തിരുവനന്തപുരം, എറണാകുളം","മണൽ മണ്ണ്, ചെങ്കൽ മണ്ണ്",കമ്പോസ്റ്റ്,തുലാവർഷം,"പ്രകൃതി വഴിയുള്ള നിയന്ത്രണം, ജൈവ കീട നിയന്ത്രണം"
ചെറുകിട (തിനാ / ചാമ),Drumstick,"പാലക്കാട്, മലപ്പുറം, വയനാട്",കളിമണ്ണ്,"രാസവളം, പച്ചിലവളം","കാർഷിക സീസൺ, മഴക്കാലം","ജൈവ കീട നിയന്ത്രണം, സമഗ്ര കീട പരിപാലനം"
തേങ്ങ,Rice,കാസർഗോഡ്,എക്കൽ മണ്ണ്,"കമ്പോസ്റ്റ്, പച്ചിലവളം",മഴക്കാലം,പ്രകൃതി വഴിയുള്ള നിയന്ത്രണം
കരിമ്പ്,Drumstick,"കൊല്ലം, കണ്ണൂർ","മണൽ മണ്ണ്, എക്കൽ മണ്ണ്","രാസവളം, കമ്പോസ്റ്റ്","വേനൽക്കാലം, തുലാവർഷം","പ്രകൃതി വഴിയുള്ള നിയന്ത്രണം, രാസ മരുന്ന്"
കൊക്കോ,Cashew,"ഇടുക്കി, വയനാട്, കോട്ടയം",മണൽ മണ്ണ്,"രാസവളം, ജൈവവളം",കാർഷിക സീസൺ,രാസ മരുന്ന്
ഉരുളക്കിഴങ്ങ്,Pigeon Pea,കോഴിക്കോട്,മണൽ മണ്ണ്,കമ്പോസ്റ്റ്,"വേനൽക്കാലം, തുലാവർഷം",പ്രകൃതി വഴിയുള്ള നിയന്ത്രണം
കുരുമുളക്,Coffee,തൃശ്ശൂർ,"മണൽ മണ്ണ്, എക്കൽ മണ്ണ്",കമ്പോസ്റ്റ്,"വേനൽക്കാലം, തുലാവർഷം","പ്രകൃതി വഴിയുള്ള നിയന്ത്രണം, സമഗ്ര കീട പരിപാലനം"
പപ്പായ,Corn,വയനാട്,ചെങ്കൽ മണ്ണ്,കമ്പോസ്റ്റ്,വേനൽക്കാലം,രാസ മരുന്ന്
ടർ / ചുവന്ന പയർ,Finger Millet,"കാസർഗോഡ്, കോഴിക്കോട്",മണൽ മണ്ണ്,പച്ചിലവളം,കാർഷിക സീസൺ,"സമഗ്ര കീട പരിപാലനം, രാസ മരുന്ന്"
നിലക്കടല,Mango,"കണ്ണൂർ, തൃശ്ശൂർ, പാലക്കാട്",ചെങ്കൽ മണ്ണ്,രാസവളം,"മഴക്കാലം, വേനൽക്കാലം","സമഗ്ര കീട പരിപാലനം, പ്രകൃതി വഴിയുള്ള നിയന്ത്രണം"
വെറ്റില,Cardamom,കണ്ണൂർ,മണൽ മണ്ണ്,"പച്ചിലവളം, കമ്പോസ്റ്റ്",വേനൽക്കാലം,"ജൈവ കീട നിയന്ത്രണം, പ്രകൃതി വഴിയുള്ള നിയന്ത്രണം"
ഗ്രാമ്പൂ,Mango,"കണ്ണൂർ, കോഴിക്കോട്",എക്കൽ മണ്ണ്,"ജൈവവളം, രാസവളം","തുലാവർഷം, മഴക്കാലം",സമഗ്ര കീട പരിപാലനം
ഗോതമ്പ്,Sweet Potato,"മലപ്പുറം, കണ്ണൂർ",എക്കൽ മണ്ണ്,"രാസവളം, കമ്പോസ്റ്റ്","മഴക്കാലം, കാർഷിക സീസൺ","ജൈവ കീട നിയന്ത്രണം, രാസ മരുന്ന്"
നിലക്കടല,Potato,കണ്ണൂർ,എക്കൽ മണ്ണ്,പച്ചിലവളം,കാർഷിക സീസൺ,ജൈവ കീട നിയന്ത്രണം
മഞ്ഞൾ,Tea,"പാലക്കാട്, എറണാകുളം","എക്കൽ മണ്ണ്, ചെങ്കൽ മണ്ണ്","പച്ചിലവളം, കമ്പോസ്റ്റ്",തുലാവർഷം,"സമഗ്ര കീട പരിപാലനം, ജൈവ കീട നിയന്ത്രണം"
വാഴപ്പഴം,Pigeon Pea,"കണ്ണൂർ, പാലക്കാട്","മണൽ മണ്ണ്, ചെങ്കൽ മണ്ണ്",പച്ചിലവളം,"കാർഷിക സീസൺ, മഴക്കാലം",പ്രകൃതി വഴിയുള്ള നിയന്ത്രണം
ജാതിക്ക വെളുത്തുള്ളി,Mango,മലപ്പുറം,"ചെങ്കൽ മണ്ണ്, എക്കൽ മണ്ണ്","കമ്പോസ്റ്റ്, പച്ചിലവളം",വേനൽക്കാലം,സമഗ്ര കീട പരിപാലനം
ജാതിക്ക വെളുത്തുള്ളി,Coffee,"വയനാട്, കാസർഗോഡ്, മലപ്പുറം",കളിമണ്ണ്,ജൈവവളം,തുലാവർഷം,"സമഗ്ര കീട പരിപാലനം, ജൈവ കീട നിയന്ത്രണം"
കൊക്കോ,Grampu,എറണാകുളം,"ചെങ്കൽ മണ്ണ്, മണൽ മണ്ണ്",ജൈവവളം,കാർഷിക സീസൺ,സമഗ്ര കീട പരിപാലനം
ചോളം,Drumstick,"തിരുവനന്തപുരം, വയനാട്",ചെങ്കൽ മണ്ണ്,"ജൈവവളം, കമ്പോസ്റ്റ്",കാർഷിക സീസൺ,രാസ മരുന്ന്
മാങ്ങ,Finger Millet,മലപ്പുറം,"കളിമണ്ണ്, ചെങ്കൽ മണ്ണ്",പച്ചിലവളം,കാർഷിക സീസൺ,പ്രകൃതി വഴിയുള്ള നിയന്ത്രണം
ഉരുളക്കിഴങ്ങ്,Plantain,പത്തനംതിട്ട,"കളിമണ്ണ്, എക്കൽ മണ്ണ്",കമ്പോസ്റ്റ്,"മഴക്കാലം, തുലാവർഷം",പ്രകൃതി വഴിയുള്ള നിയന്ത്രണം
ഏലം,Garlic,"തിരുവനന്തപുരം, പത്തനംതിട്ട","കളിമണ്ണ്, ചെങ്കൽ മണ്ണ്",കമ്പോസ്റ്റ്,"വേനൽക്കാലം, കാർഷിക സീസൺ","സമഗ്ര കീട പരിപാലനം, ജൈവ കീട നിയന്ത്രണം"
ഉരുളക്കിഴങ്ങ്,Mango,"കണ്ണൂർ, വയനാട്, കൊല്ലം",മണൽ മണ്ണ്,"ജൈവവളം, രാസവളം",വേനൽക്കാലം,ജൈവ കീട നിയന്ത്രണം
പച്ചമുളക്,Ginger,"ഇടുക്കി, വയനാട്","മണൽ മണ്ണ്, എക്കൽ മണ്ണ്",പച്ചിലവളം,"വേനൽക്കാലം, മഴക്കാലം",പ്രകൃതി വഴിയുള്ള നിയന്ത്രണം
കുരുമുളക്,Cashew,കോഴിക്കോട്,ചെങ്കൽ മണ്ണ്,ജൈവവളം,"മഴക്കാലം, വേനൽക്കാലം",രാസ മരുന്ന്
തേങ്ങ,Pineapple,"ഇടുക്കി, തിരുവനന്തപുരം","കളിമണ്ണ്, മണൽ മണ്ണ്","രാസവളം, ജൈവവളം","മഴക്കാലം, തുലാവർഷം","പ്രകൃതി വഴിയുള്ള നിയന്ത്രണം, ജൈവ കീട നിയന്ത്രണം"
കുരുമുളക്,Pineapple,"കണ്ണൂർ, എറണാകുളം, ഇടുക്കി",മണൽ മണ്ണ്,രാസവളം,വേനൽക്കാലം,പ്രകൃതി വഴിയുള്ള നിയന്ത്രണം
പച്ചമുളക്,Cashew,"എറണാകുളം, കണ്ണൂർ, പത്തനംതിട്ട",ചെങ്കൽ മണ്ണ്,"രാസവളം, കമ്പോസ്റ്റ്","തുലാവർഷം, കാർഷിക സീസൺ","സമഗ്ര കീട പരിപാലനം, ജൈവ കീട നിയന്ത്രണം"
ഫിംഗർ മില്ലറ്റ്,Chili,"വയനാട്, തൃശ്ശൂർ, കൊല്ലം",ചെങ്കൽ മണ്ണ്,"ജൈവവളം, കമ്പോസ്റ്റ്",വേനൽക്കാലം,"സമഗ്ര കീട പരിപാലനം, ജൈവ കീട നിയന്ത്രണം"
വാഴപ്പഴം,Cardamom,പത്തനംതിട്ട,"മണൽ മണ്ണ്, ചെങ്കൽ മണ്ണ്",ജൈവവളം,തുലാവർഷം,പ്രകൃതി വഴിയുള്ള നിയന്ത്രണം
ചോളം,Papaya,ഇടുക്കി,"എക്കൽ മണ്ണ്, മണൽ മണ്ണ്","കമ്പോസ്റ്റ്, പച്ചിലവളം",കാർഷിക സീസൺ,സമഗ്ര കീട പരിപാലനം
ഗോതമ്പ്,Coffee,തിരുവനന്തപുരം,"മണൽ മണ്ണ്, കളിമണ്ണ്",കമ്പോസ്റ്റ്,വേനൽക്കാലം,സമഗ്ര കീട പരിപാലനം
മാങ്ങ,Coconut,കാസർഗോഡ്,"എക്കൽ മണ്ണ്, മണൽ മണ്ണ്","കമ്പോസ്റ്റ്, പച്ചിലവളം","വേനൽക്കാലം, തുലാവർഷം","പ്രകൃതി വഴിയുള്ള നിയന്ത്രണം, സമഗ്ര കീട പരിപാലനം"
പപ്പായ,Wheat,"പത്തനംതിട്ട, കോഴിക്കോട്","എക്കൽ മണ്ണ്, മണൽ മണ്ണ്","കമ്പോസ്റ്റ്, ജൈവവളം",കാർഷിക സീസൺ,രാസ മരുന്ന്
എള്ള്,Potato,പത്തനംതിട്ട,"ചെങ്കൽ മണ്ണ്, എക്കൽ മണ്ണ്",പച്ചിലവളം,"മഴക്കാലം, കാർഷിക സീസൺ",സമഗ്ര കീട പരിപാലനം
അരിക്കാട്ട്,Cocoa,"മലപ്പുറം, പത്തനംതിട്ട, തിരുവനന്തപുരം",എക്കൽ മണ്ണ്,"കമ്പോസ്റ്റ്, ജൈവവളം",വേനൽക്കാലം,സമഗ്ര കീട പരിപാലനം
ഉരുളക്കിഴങ്ങ്,Coconut,"എറണാകുളം, വയനാട്, പത്തനംതിട്ട",മണൽ മണ്ണ്,"കമ്പോസ്റ്റ്, ജൈവവളം",തുലാവർഷം,"ജൈവ കീട നിയന്ത്രണം, സമഗ്ര കീട പരിപാലനം"
ഗോതമ്പ്,Plantain,"കണ്ണൂർ, എറണാകുളം",എക്കൽ മണ്ണ്,"ജൈവവളം, രാസവളം",മഴക്കാലം,"ജൈവ കീട നിയന്ത്രണം, പ്രകൃതി വഴിയുള്ള നിയന്ത്രണം"
കൊക്കോ,Sugarcane,പാലക്കാട്,മണൽ മണ്ണ്,രാസവളം,"കാർഷിക സീസൺ, വേനൽക്കാലം",പ്രകൃതി വഴിയുള്ള നിയന്ത്രണം
ചായ,Finger Millet,"തൃശ്ശൂർ, വയനാട്, പത്തനംതിട്ട",കളിമണ്ണ്,കമ്പോസ്റ്റ്,തുലാവർഷം,പ്രകൃതി വഴിയുള്ള നിയന്ത്രണം
തേങ്ങ,Betel Leaf,"തൃശ്ശൂർ, തിരുവനന്തപുരം","എക്കൽ മണ്ണ്, കളിമണ്ണ്",ജൈവവളം,"മഴക്കാലം, തുലാവർഷം",പ്രകൃതി വഴിയുള്ള നിയന്ത്രണം
ചോളം,Papaya,"കോഴിക്കോട്, കണ്ണൂർ, തിരുവനന്തപുരം",എക്കൽ മണ്ണ്,പച്ചിലവളം,"മഴക്കാലം, തുലാവർഷം",രാസ മരുന്ന്
ഫിംഗർ മില്ലറ്റ്,Chili,കോഴിക്കോട്,എക്കൽ മണ്ണ്,ജൈവവളം,മഴക്കാലം,സമഗ്ര കീട പരിപാലനം
ചായ,Sugarcane,"കോഴിക്കോട്, കൊല്ലം","കളിമണ്ണ്, ചെങ്കൽ മണ്ണ്",രാസവളം,തുലാവർഷം,"സമഗ്ര കീട പരിപാലനം, ജൈവ കീട നിയന്ത്രണം"
ടർ / ചുവന്ന പയർ,Turmeric,"വയനാട്, പത്തനംതിട്ട, കോഴിക്കോട്",എക്കൽ മണ്ണ്,കമ്പോസ്റ്റ്,"വേനൽക്കാലം, കാർഷിക സീസൺ","പ്രകൃതി വഴിയുള്ള നിയന്ത്രണം, രാസ മരുന്ന്"
ഫിംഗർ മില്ലറ്റ്,Potato,എറണാകുളം,എക്കൽ മണ്ണ്,കമ്പോസ്റ്റ്,"വേനൽക്കാലം, മഴക്കാലം","പ്രകൃതി വഴിയുള്ള നിയന്ത്രണം, ജൈവ കീട നിയന്ത്രണം"
അരിക്കാട്ട്,Groundnut,"കണ്ണൂർ, എറണാകുളം, പത്തനംതിട്ട",ചെങ്കൽ മണ്ണ്,"കമ്പോസ്റ്റ്, ജൈവവളം","കാർഷിക സീസൺ, മഴക്കാലം",സമഗ്ര കീട പരിപാലനം
പുകയില,Ginger,മലപ്പുറം,"എക്കൽ മണ്ണ്, കളിമണ്ണ്",കമ്പോസ്റ്റ്,"വേനൽക്കാലം, തുലാവർഷം",രാസ മരുന്ന്
തേങ്ങ,Sugarcane,"തൃശ്ശൂർ, കാസർഗോഡ്, കോട്ടയം","ചെങ്കൽ മണ്ണ്, മണൽ മണ്ണ്","ജൈവവളം, രാസവളം","കാർഷിക സീസൺ, തുലാവർഷം",സമഗ്ര കീട പരിപാലനം
ജാതിക്ക വെളുത്തുള്ളി,Betel Leaf,"പത്തനംതിട്ട, കോട്ടയം","ചെങ്കൽ മണ്ണ്, എക്കൽ മണ്ണ്","രാസവളം, കമ്പോസ്റ്റ്",കാർഷിക സീസൺ,"ജൈവ കീട നിയന്ത്രണം, രാസ മരുന്ന്"
എള്ള്,Drumstick,"മലപ്പുറം, പാലക്കാട്, കൊല്ലം","മണൽ മണ്ണ്, എക്കൽ മണ്ണ്",ജൈവവളം,കാർഷിക സീസൺ,പ്രകൃതി വഴിയുള്ള നിയന്ത്രണം
ഏലം,Pineapple,"കൊല്ലം, മലപ്പുറം","ചെങ്കൽ മണ്ണ്, മണൽ മണ്ണ്","ജൈവവളം, രാസവളം",മഴക്കാലം,സമഗ്ര കീട പരിപാലനം
ഉരുളക്കിഴങ്ങ്,Small Millet,"കോഴിക്കോട്, തൃശ്ശൂർ","മണൽ മണ്ണ്, ചെങ്കൽ മണ്ണ്","പച്ചിലവളം, രാസവളം",കാർഷിക സീസൺ,"പ്രകൃതി വഴിയുള്ള നിയന്ത്രണം, രാസ മരുന്ന്"
ചെറുകിട (തിനാ / ചാമ),Coffee,"വയനാട്, പത്തനംതിട്ട, മലപ്പുറം",എക്കൽ മണ്ണ്,"രാസവളം, ജൈവവളം","മഴക്കാലം, വേനൽക്കാലം","സമഗ്ര കീട പരിപാലനം, ജൈവ കീട നിയന്ത്രണം"
പുകയില,Groundnut,"കോട്ടയം, പത്തനംതിട്ട, ഇടുക്കി",എക്കൽ മണ്ണ്,"കമ്പോസ്റ്റ്, രാസവളം","തുലാവർഷം, വേനൽക്കാലം",സമഗ്ര കീട പരിപാലനം
ഗോതമ്പ്,Chili,കണ്ണൂർ,എക്കൽ മണ്ണ്,രാസവളം,"തുലാവർഷം, കാർഷിക സീസൺ","സമഗ്ര കീട പരിപാലനം, പ്രകൃതി വഴിയുള്ള നിയന്ത്രണം"
ടർ / ചുവന്ന പയർ,Cardamom,"പാലക്കാട്, കോഴിക്കോട്",കളിമണ്ണ്,"പച്ചിലവളം, കമ്പോസ്റ്റ്","മഴക്കാലം, വേനൽക്കാലം","ജൈവ കീട നിയന്ത്രണം, പ്രകൃതി വഴിയുള്ള നിയന്ത്രണം"
വെറ്റില,Cashew,പത്തനംതിട്ട,കളിമണ്ണ്,രാസവളം,"വേനൽക്കാലം, തുലാവർഷം","പ്രകൃതി വഴിയുള്ള നിയന്ത്രണം, രാസ മരുന്ന്"
വെറ്റില,Ginger,കോട്ടയം,എക്കൽ മണ്ണ്,പച്ചിലവളം,"മഴക്കാലം, തുലാവർഷം",പ്രകൃതി വഴിയുള്ള നിയന്ത്രണം
കാപ്പി,Betel Leaf,"കൊല്ലം, കണ്ണൂർ","മണൽ മണ്ണ്, ചെങ്കൽ മണ്ണ്","കമ്പോസ്റ്റ്, ജൈവവളം","കാർഷിക സീസൺ, വേനൽക്കാലം","സമഗ്ര കീട പരിപാലനം, ജൈവ കീട നിയന്ത്രണം"
പച്ചമുളക്,Ginger,"പാലക്കാട്, മലപ്പുറം, എറണാകുളം","എക്കൽ മണ്ണ്, ചെങ്കൽ മണ്ണ്",ജൈവവളം,വേനൽക്കാലം,"ജൈവ കീട നിയന്ത്രണം, സമഗ്ര കീട പരിപാലനം"
കൊക്കോ,Pineapple,"എറണാകുളം, മലപ്പുറം, കോഴിക്കോട്",മണൽ മണ്ണ്,കമ്പോസ്റ്റ്,"കാർഷിക സീസൺ, മഴക്കാലം","രാസ മരുന്ന്, ജൈവ കീട നിയന്ത്രണം"
ചായ,Pigeon Pea,"തിരുവനന്തപുരം, എറണാകുളം","കളിമണ്ണ്, മണൽ മണ്ണ്",പച്ചിലവളം,തുലാവർഷം,"സമഗ്ര കീട പരിപാലനം, പ്രകൃതി വഴിയുള്ള നിയന്ത്രണം"
ഉരുളക്കിഴങ്ങ്,Groundnut,"കാസർഗോഡ്, എറണാകുളം",കളിമണ്ണ്,"കമ്പോസ്റ്റ്, പച്ചിലവളം","മഴക്കാലം, വേനൽക്കാലം","പ്രകൃതി വഴിയുള്ള നിയന്ത്രണം, ജൈവ കീട നിയന്ത്രണം"
പുകയില,Potato,"തൃശ്ശൂർ, കോഴിക്കോട്, തിരുവനന്തപുരം",ചെങ്കൽ മണ്ണ്,"പച്ചിലവളം, കമ്പോസ്റ്റ്",കാർഷിക സീസൺ,ജൈവ കീട നിയന്ത്രണം
നിലക്കടല,Tobacco,"എറണാകുളം, കോഴിക്കോട്, മലപ്പുറം",കളിമണ്ണ്,"പച്ചിലവളം, രാസവളം","മഴക്കാലം, കാർഷിക സീസൺ",രാസ മരുന്ന്
എള്ള്,Coconut,കോഴിക്കോട്,ചെങ്കൽ മണ്ണ്,"കമ്പോസ്റ്റ്, ജൈവവളം","വേനൽക്കാലം, മഴക്കാലം",ജൈവ കീട നിയന്ത്രണം
ചോളം,Finger Millet,"തൃശ്ശൂർ, കാസർഗോഡ്, കൊല്ലം","കളിമണ്ണ്, എക്കൽ മണ്ണ്",കമ്പോസ്റ്റ്,കാർഷിക സീസൺ,ജൈവ കീട നിയന്ത്രണം
ചായ,Finger Millet,"കാസർഗോഡ്, കോഴിക്കോട്, കോട്ടയം",കളിമണ്ണ്,"പച്ചിലവളം, രാസവളം",കാർഷിക സീസൺ,സമഗ്ര കീട പരിപാലനം
ജാതിക്ക വെളുത്തുള്ളി,Mango,"കോഴിക്കോട്, വയനാട്",ചെങ്കൽ മണ്ണ്,പച്ചിലവളം,മഴക്കാലം,"രാസ മരുന്ന്, പ്രകൃതി വഴിയുള്ള നിയന്ത്രണം"
പുകയില,Sugarcane,"കൊല്ലം, കോഴിക്കോട്","കളിമണ്ണ്, മണൽ മണ്ണ്","കമ്പോസ്റ്റ്, രാസവളം",വേനൽക്കാലം,പ്രകൃതി വഴിയുള്ള നിയന്ത്രണം
ഫിംഗർ മില്ലറ്റ്,Plantain,"മലപ്പുറം, പാലക്കാട്","ചെങ്കൽ മണ്ണ്, കളിമണ്ണ്","പച്ചിലവളം, കമ്പോസ്റ്റ്",തുലാവർഷം,പ്രകൃതി വഴിയുള്ള നിയന്ത്രണം
എള്ള്,Mango,"കോഴിക്കോട്, ഇടുക്കി, തൃശ്ശൂർ",മണൽ മണ്ണ്,"ജൈവവളം, പച്ചിലവളം","കാർഷിക സീസൺ, മഴക്കാലം","രാസ മരുന്ന്, ജൈവ കീട നിയന്ത്രണം"
പുകയില,Papaya,"കണ്ണൂർ, കോട്ടയം",കളിമണ്ണ്,"ജൈവവളം, രാസവളം",വേനൽക്കാലം,ജൈവ കീട നിയന്ത്രണം
പൈനാപ്പിൾ,Tobacco,"തൃശ്ശൂർ, വയനാട്, കോട്ടയം",മണൽ മണ്ണ്,"ജൈവവളം, രാസവളം",തുലാവർഷം,ജൈവ കീട നിയന്ത്രണം
കരിമ്പ്,Grampu,"കൊല്ലം, കോഴിക്കോട്","ചെങ്കൽ മണ്ണ്, കളിമണ്ണ്",ജൈവവളം,തുലാവർഷം,പ്രകൃതി വഴിയുള്ള നിയന്ത്രണം
വാഴപ്പഴം,Corn,പാലക്കാട്,"എക്കൽ മണ്ണ്, കളിമണ്ണ്",പച്ചിലവളം,മഴക്കാലം,"രാസ മരുന്ന്, സമഗ്ര കീട പരിപാലനം"
പപ്പായ,Drumstick,കണ്ണൂർ,മണൽ മണ്ണ്,പച്ചിലവളം,"വേനൽക്കാലം, മഴക്കാലം",രാസ മരുന്ന്
ചോളം,Grampu,"എറണാകുളം, തൃശ്ശൂർ",ചെങ്കൽ മണ്ണ്,"കമ്പോസ്റ്റ്, രാസവളം","മഴക്കാലം, കാർഷിക സീസൺ","സമഗ്ര കീട പരിപാലനം, ജൈവ കീട നിയന്ത്രണം"
വെറ്റില,Papaya,"കണ്ണൂർ, കോട്ടയം, വയനാട്",കളിമണ്ണ്,ജൈവവളം,വേനൽക്കാലം,"പ്രകൃതി വഴിയുള്ള നിയന്ത്രണം, ജൈവ കീട നിയന്ത്രണം"
ചായ,Plantain,കോഴിക്കോട്,"എക്കൽ മണ്ണ്, ചെങ്കൽ മണ്ണ്","കമ്പോസ്റ്റ്, രാസവളം","തുലാവർഷം, മഴക്കാലം","രാസ മരുന്ന്, പ്രകൃതി വഴിയുള്ള നിയന്ത്രണം"
കശുവണ്ടി,Sorghum,"മലപ്പുറം, കണ്ണൂർ","കളിമണ്ണ്, എക്കൽ മണ്ണ്","രാസവളം, കമ്പോസ്റ്റ്","വേനൽക്കാലം, കാർഷിക സീസൺ","രാസ മരുന്ന്, ജൈവ കീട നിയന്ത്രണം"
ചായ,Cocoa,"കോഴിക്കോട്, പത്തനംതിട്ട","മണൽ മണ്ണ്, കളിമണ്ണ്",കമ്പോസ്റ്റ്,മഴക്കാലം,"ജൈവ കീട നിയന്ത്രണം, പ്രകൃതി വഴിയുള്ള നിയന്ത്രണം"
ഇഞ്ചി,Garlic,കോഴിക്കോട്,ചെങ്കൽ മണ്ണ്,രാസവളം,കാർഷിക സീസൺ,"സമഗ്ര കീട പരിപാലനം, ജൈവ കീട നിയന്ത്രണം"
എള്ള്,Groundnut,"ഇടുക്കി, തിരുവനന്തപുരം, കണ്ണൂർ",കളിമണ്ണ്,കമ്പോസ്റ്റ്,തുലാവർഷം,ജൈവ കീട നിയന്ത്രണം
കുരുമുളക്,Coconut,"കോട്ടയം, വയനാട്, കോഴിക്കോട്","മണൽ മണ്ണ്, ചെങ്കൽ മണ്ണ്","പച്ചിലവളം, ജൈവവളം",തുലാവർഷം,"സമഗ്ര കീട പരിപാലനം, ജൈവ കീട നിയന്ത്രണം"
പുകയില,Corn,"പത്തനംതിട്ട, പാലക്കാട്, കാസർഗോഡ്","കളിമണ്ണ്, മണൽ മണ്ണ്","ജൈവവളം, രാസവളം","കാർഷിക സീസൺ, തുലാവർഷം",ജൈവ കീട നിയന്ത്രണം
ഗോതമ്പ്,Cotton,"വയനാട്, കോട്ടയം, പാലക്കാട്","കളിമണ്ണ്, ചെങ്കൽ മണ്ണ്","ജൈവവളം, കമ്പോസ്റ്റ്",കാർഷിക സീസൺ,പ്രകൃതി വഴിയുള്ള നിയന്ത്രണം
അരിക്കാട്ട്,Coffee,പത്തനംതിട്ട,"മണൽ മണ്ണ്, ചെങ്കൽ മണ്ണ്",ജൈവവളം,"കാർഷിക സീസൺ, വേനൽക്കാലം",ജൈവ കീട നിയന്ത്രണം
ജാതിക്ക വെളുത്തുള്ളി,Banana,"പത്തനംതിട്ട, തിരുവനന്തപുരം",മണൽ മണ്ണ്,"ജൈവവളം, പച്ചിലവളം","വേനൽക്കാലം, കാർഷിക സീസൺ",ജൈവ കീട നിയന്ത്രണം
പച്ചമുളക്,Turmeric,"കണ്ണൂർ, എറണാകുളം, ഇടുക്കി",എക്കൽ മണ്ണ്,"കമ്പോസ്റ്റ്, പച്ചിലവളം","തുലാവർഷം, വേനൽക്കാലം","ജൈവ കീട നിയന്ത്രണം, രാസ മരുന്ന്"
ജാതിക്ക വെളുത്തുള്ളി,Drumstick,കാസർഗോഡ്,"മണൽ മണ്ണ്, എക്കൽ മണ്ണ്",പച്ചിലവളം,"കാർഷിക സീസൺ, തുലാവർഷം","സമഗ്ര കീട പരിപാലനം, രാസ മരുന്ന്"
മധുരക്കിഴങ്ങ്,Tea,കണ്ണൂർ,ചെങ്കൽ മണ്ണ്,കമ്പോസ്റ്റ്,"തുലാവർഷം, കാർഷിക സീസൺ",പ്രകൃതി വഴിയുള്ള നിയന്ത്രണം
ചോളം,Turmeric,"കോട്ടയം, തൃശ്ശൂർ",കളിമണ്ണ്,"രാസവളം, കമ്പോസ്റ്റ്","മഴക്കാലം, തുലാവർഷം","രാസ മരുന്ന്, ജൈവ കീട നിയന്ത്രണം"
ഫിംഗർ മില്ലറ്റ്,Chili,"തൃശ്ശൂർ, പാലക്കാട്","ചെങ്കൽ മണ്ണ്, മണൽ മണ്ണ്",കമ്പോസ്റ്റ്,"മഴക്കാലം, വേനൽക്കാലം",രാസ മരുന്ന്
എള്ള്,Coffee,"തിരുവനന്തപുരം, കോട്ടയം, പാലക്കാട്",ചെങ്കൽ മണ്ണ്,"പച്ചിലവളം, ജൈവവളം",വേനൽക്കാലം,രാസ മരുന്ന്
തേങ്ങ,Coffee,കോഴിക്കോട്,ചെങ്കൽ മണ്ണ്,"രാസവളം, പച്ചിലവളം","തുലാവർഷം, വേനൽക്കാലം","പ്രകൃതി വഴിയുള്ള നിയന്ത്രണം, രാസ മരുന്ന്"
കുരുമുളക്,Chili,പത്തനംതിട്ട,എക്കൽ മണ്ണ്,"ജൈവവളം, കമ്പോസ്റ്റ്",തുലാവർഷം,ജൈവ കീട നിയന്ത്രണം
കൊക്കോ,Sugarcane,"കൊല്ലം, എറണാകുളം, കോഴിക്കോട്",ചെങ്കൽ മണ്ണ്,പച്ചിലവളം,കാർഷിക സീസൺ,"ജൈവ കീട നിയന്ത്രണം, രാസ മരുന്ന്"
കുരുമുളക്,Coconut,"കൊല്ലം, പത്തനംതിട്ട, കോഴിക്കോട്","ചെങ്കൽ മണ്ണ്, എക്കൽ മണ്ണ്","ജൈവവളം, രാസവളം",തുലാവർഷം,"പ്രകൃതി വഴിയുള്ള നിയന്ത്രണം, സമഗ്ര കീട പരിപാലനം"
ചെറുകിട (തിനാ / ചാമ),Tea,കോട്ടയം,"ചെങ്കൽ മണ്ണ്, മണൽ മണ്ണ്","ജൈവവളം, രാസവളം","വേനൽക്കാലം, തുലാവർഷം","പ്രകൃതി വഴിയുള്ള നിയന്ത്രണം, രാസ മരുന്ന്"
കുരുമുളക്,Tea,"തൃശ്ശൂർ, ഇടുക്കി","മണൽ മണ്ണ്, ചെങ്കൽ മണ്ണ്",രാസവളം,"തുലാവർഷം, കാർഷിക സീസൺ",രാസ മരുന്ന്
ഏലം,Small Millet,"എറണാകുളം, കൊല്ലം",കളിമണ്ണ്,രാസവളം,"മഴക്കാലം, വേനൽക്കാലം","സമഗ്ര കീട പരിപാലനം, പ്രകൃതി വഴിയുള്ള നിയന്ത്രണം"
ഉരുളക്കിഴങ്ങ്,Ginger,"കൊല്ലം, തൃശ്ശൂർ, കോട്ടയം","എക്കൽ മണ്ണ്, മണൽ മണ്ണ്","രാസവളം, കമ്പോസ്റ്റ്",കാർഷിക സീസൺ,"രാസ മരുന്ന്, ജൈവ കീട നിയന്ത്രണം"
കാപ്പി,Coffee,"കണ്ണൂർ, കോട്ടയം, തൃശ്ശൂർ","മണൽ മണ്ണ്, കളിമണ്ണ്",കമ്പോസ്റ്റ്,മഴക്കാലം,പ്രകൃതി വഴിയുള്ള നിയന്ത്രണം
കരിമ്പ്,Groundnut,കാസർഗോഡ്,കളിമണ്ണ്,ജൈവവളം,"വേനൽക്കാലം, മഴക്കാലം","സമഗ്ര കീട പരിപാലനം, പ്രകൃതി വഴിയുള്ള നിയന്ത്രണം"
വാഴപ്പഴം,Garlic,"തൃശ്ശൂർ, കോഴിക്കോട്, വയനാട്","എക്കൽ മണ്ണ്, കളിമണ്ണ്","കമ്പോസ്റ്റ്, പച്ചിലവളം","വേനൽക്കാലം, മഴക്കാലം","പ്രകൃതി വഴിയുള്ള നിയന്ത്രണം, സമഗ്ര കീട പരിപാലനം"
ഏലം,Tobacco,"കോഴിക്കോട്, പത്തനംതിട്ട","എക്കൽ മണ്ണ്, കളിമണ്ണ്","രാസവളം, ജൈവവളം","വേനൽക്കാലം, തുലാവർഷം",ജൈവ കീട നിയന്ത്രണം
ടർ / ചുവന്ന പയർ,Drumstick,"പാലക്കാട്, ഇടുക്കി","കളിമണ്ണ്, എക്കൽ മണ്ണ്",രാസവളം,വേനൽക്കാലം,"ജൈവ കീട നിയന്ത്രണം, പ്രകൃതി വഴിയുള്ള നിയന്ത്രണം"
പുകയില,Tobacco,കോഴിക്കോട്,മണൽ മണ്ണ്,"രാസവളം, കമ്പോസ്റ്റ്",കാർഷിക സീസൺ,"പ്രകൃതി വഴിയുള്ള നിയന്ത്രണം, ജൈവ കീട നിയന്ത്രണം"
കൊക്കോ,Plantain,പത്തനംതിട്ട,ചെങ്കൽ മണ്ണ്,ജൈവവളം,മഴക്കാലം,ജൈവ കീട നിയന്ത്രണം
മാങ്ങ,Pigeon Pea,കണ്ണൂർ,"മണൽ മണ്ണ്, എക്കൽ മണ്ണ്",പച്ചിലവളം,"കാർഷിക സീസൺ, മഴക്കാലം","ജൈവ കീട നിയന്ത്രണം, രാസ മരുന്ന്"
പൈനാപ്പിൾ,Turmeric,കാസർഗോഡ്,മണൽ മണ്ണ്,കമ്പോസ്റ്റ്,"മഴക്കാലം, വേനൽക്കാലം","രാസ മരുന്ന്, സമഗ്ര കീട പരിപാലനം"
പരുത്തി,Plantain,"കോഴിക്കോട്, തിരുവനന്തപുരം, പാലക്കാട്",എക്കൽ മണ്ണ്,"രാസവളം, പച്ചിലവളം","വേനൽക്കാലം, തുലാവർഷം","സമഗ്ര കീട പരിപാലനം, രാസ മരുന്ന്"
മാങ്ങ,Sesame,"പത്തനംതിട്ട, ഇടുക്കി","കളിമണ്ണ്, മണൽ മണ്ണ്","പച്ചിലവളം, ജൈവവളം","കാർഷിക സീസൺ, മഴക്കാലം",പ്രകൃതി വഴിയുള്ള നിയന്ത്രണം
കുരുമുളക്,Pigeon Pea,"എറണാകുളം, തൃശ്ശൂർ, കണ്ണൂർ",മണൽ മണ്ണ്,"കമ്പോസ്റ്റ്, രാസവളം",വേനൽക്കാലം,ജൈവ കീട നിയന്ത്രണം
കാപ്പി,Garlic,വയനാട്,മണൽ മണ്ണ്,ജൈവവളം,"വേനൽക്കാലം, തുലാവർഷം","രാസ മരുന്ന്, ജൈവ കീട നിയന്ത്രണം"
വാഴപ്പഴം,Chili,"കൊല്ലം, കോട്ടയം",കളിമണ്ണ്,രാസവളം,തുലാവർഷം,"സമഗ്ര കീട പരിപാലനം, പ്രകൃതി വഴിയുള്ള നിയന്ത്രണം"
പുകയില,Cashew,"ഇടുക്കി, എറണാകുളം","എക്കൽ മണ്ണ്, ചെങ്കൽ മണ്ണ്",കമ്പോസ്റ്റ്,"വേനൽക്കാലം, കാർഷിക സീസൺ",പ്രകൃതി വഴിയുള്ള നിയന്ത്രണം
ഉരുളക്കിഴങ്ങ്,Coffee,"ഇടുക്കി, കോഴിക്കോട്, കോട്ടയം","എക്കൽ മണ്ണ്, കളിമണ്ണ്","കമ്പോസ്റ്റ്, ജൈവവളം","മഴക്കാലം, കാർഷിക സീസൺ",പ്രകൃതി വഴിയുള്ള നിയന്ത്രണം
കൊക്കോ,Small Millet,"കണ്ണൂർ, ഇടുക്കി, എറണാകുളം","ചെങ്കൽ മണ്ണ്, കളിമണ്ണ്",പച്ചിലവളം,മഴക്കാലം,"ജൈവ കീട നിയന്ത്രണം, രാസ മരുന്ന്"
കശുവണ്ടി,Sweet Potato,പത്തനംതിട്ട,"മണൽ മണ്ണ്, ചെങ്കൽ മണ്ണ്","പച്ചിലവളം, കമ്പോസ്റ്റ്","തുലാവർഷം, മഴക്കാലം",പ്രകൃതി വഴിയുള്ള നിയന്ത്രണം
കരിമ്പ്,Coconut,പത്തനംതിട്ട,കളിമണ്ണ്,കമ്പോസ്റ്റ്,"വേനൽക്കാലം, തുലാവർഷം","രാസ മരുന്ന്, പ്രകൃതി വഴിയുള്ള നിയന്ത്രണം"
ചോളം,Tobacco,"ഇടുക്കി, തിരുവനന്തപുരം, പത്തനംതിട്ട",കളിമണ്ണ്,ജൈവവളം,"തുലാവർഷം, കാർഷിക സീസൺ",രാസ മരുന്ന്
മധുരക്കിഴങ്ങ്,Pigeon Pea,കോഴിക്കോട്,മണൽ മണ്ണ്,"കമ്പോസ്റ്റ്, ജൈവവളം","തുലാവർഷം, കാർഷിക സീസൺ","പ്രകൃതി വഴിയുള്ള നിയന്ത്രണം, രാസ മരുന്ന്"
തേങ്ങ,Drumstick,"എറണാകുളം, കോട്ടയം","എക്കൽ മണ്ണ്, ചെങ്കൽ മണ്ണ്",പച്ചിലവളം,"കാർഷിക സീസൺ, മഴക്കാലം","പ്രകൃതി വഴിയുള്ള നിയന്ത്രണം, സമഗ്ര കീട പരിപാലനം"
കശുവണ്ടി,Ginger,"തിരുവനന്തപുരം, തൃശ്ശൂർ, ഇടുക്കി","കളിമണ്ണ്, ചെങ്കൽ മണ്ണ്",പച്ചിലവളം,"വേനൽക്കാലം, കാർഷിക സീസൺ",സമഗ്ര കീട പരിപാലനം
നിലക്കടല,Coffee,പാലക്കാട്,"മണൽ മണ്ണ്, കളിമണ്ണ്","ജൈവവളം, രാസവളം",തുലാവർഷം,"പ്രകൃതി വഴിയുള്ള നിയന്ത്രണം, സമഗ്ര കീട പരിപാലനം"
പുകയില,Turmeric,"കൊല്ലം, ഇടുക്കി, കാസർഗോഡ്","മണൽ മണ്ണ്, കളിമണ്ണ്","പച്ചിലവളം, ജൈവവളം","കാർഷിക സീസൺ, തുലാവർഷം","രാസ മരുന്ന്, ജൈവ കീട നിയന്ത്രണം"
മാങ്ങ,Potato,"മലപ്പുറം, കോട്ടയം","മണൽ മണ്ണ്, എക്കൽ മണ്ണ്",പച്ചിലവളം,കാർഷിക സീസൺ,പ്രകൃതി വഴിയുള്ള നിയന്ത്രണം
ചെറുകിട (തിനാ / ചാമ),Small Millet,"മലപ്പുറം, തൃശ്ശൂർ",എക്കൽ മണ്ണ്,"പച്ചിലവളം, കമ്പോസ്റ്റ്",തുലാവർഷം,"സമഗ്ര കീട പരിപാലനം, ജൈവ കീട നിയന്ത്രണം"
ഇഞ്ചി,Wheat,മലപ്പുറം,"ചെങ്കൽ മണ്ണ്, കളിമണ്ണ്",ജൈവവളം,മഴക്കാലം,"സമഗ്ര കീട പരിപാലനം, ജൈവ കീട നിയന്ത്രണം"
ചായ,Rice,"ഇടുക്കി, കണ്ണൂർ, തൃശ്ശൂർ",ചെങ്കൽ മണ്ണ്,"ജൈവവളം, കമ്പോസ്റ്റ്","വേനൽക്കാലം, കാർഷിക സീസൺ","ജൈവ കീട നിയന്ത്രണം, സമഗ്ര കീട പരിപാലനം"
വെറ്റില,Garlic,"വയനാട്, കോഴിക്കോട്",ചെങ്കൽ മണ്ണ്,രാസവളം,"തുലാവർഷം, കാർഷിക സീസൺ","ജൈവ കീട നിയന്ത്രണം, രാസ മരുന്ന്"
ഗ്രാമ്പൂ,Black Pepper,"എറണാകുളം, കാസർഗോഡ്","എക്കൽ മണ്ണ്, മണൽ മണ്ണ്",ജൈവവളം,കാർഷിക സീസൺ,രാസ മരുന്ന്
നിലക്കടല,Turmeric,കോട്ടയം,"എക്കൽ മണ്ണ്, കളിമണ്ണ്",പച്ചിലവളം,"മഴക്കാലം, തുലാവർഷം","പ്രകൃതി വഴിയുള്ള നിയന്ത്രണം, ജൈവ കീട നിയന്ത്രണം"
ചായ,Plantain,തിരുവനന്തപുരം,"മണൽ മണ്ണ്, എക്കൽ മണ്ണ്","പച്ചിലവളം, കമ്പോസ്റ്റ്","തുലാവർഷം, കാർഷിക സീസൺ","രാസ മരുന്ന്, പ്രകൃതി വഴിയുള്ള നിയന്ത്രണം"
ചെറുകിട (തിനാ / ചാമ),Drumstick,തിരുവനന്തപുരം,ചെങ്കൽ മണ്ണ്,പച്ചിലവളം,"വേനൽക്കാലം, മഴക്കാലം",പ്രകൃതി വഴിയുള്ള നിയന്ത്രണം
പരുത്തി,Grampu,പത്തനംതിട്ട,"ചെങ്കൽ മണ്ണ്, കളിമണ്ണ്","കമ്പോസ്റ്റ്, ജൈവവളം","മഴക്കാലം, വേനൽക്കാലം",പ്രകൃതി വഴിയുള്ള നിയന്ത്രണം
ജാതിക്ക വെളുത്തുള്ളി,Coffee,"കണ്ണൂർ, മലപ്പുറം","മണൽ മണ്ണ്, കളിമണ്ണ്",കമ്പോസ്റ്റ്,മഴക്കാലം,രാസ മരുന്ന്
കശുവണ്ടി,Cashew,"പത്തനംതിട്ട, കോട്ടയം, വയനാട്","കളിമണ്ണ്, ചെങ്കൽ മണ്ണ്","പച്ചിലവളം, കമ്പോസ്റ്റ്","കാർഷിക സീസൺ, തുലാവർഷം",ജൈവ കീട നിയന്ത്രണം
അരിക്കാട്ട്,Rice,"കണ്ണൂർ, കൊല്ലം, പത്തനംതിട്ട","കളിമണ്ണ്, എക്കൽ മണ്ണ്",പച്ചിലവളം,വേനൽക്കാലം,ജൈവ കീട നിയന്ത്രണം
മധുരക്കിഴങ്ങ്,Drumstick,"വയനാട്, പാലക്കാട്, പത്തനംതിട്ട","കളിമണ്ണ്, എക്കൽ മണ്ണ്",കമ്പോസ്റ്റ്,"മഴക്കാലം, തുലാവർഷം","പ്രകൃതി വഴിയുള്ള നിയന്ത്രണം, സമഗ്ര കീട പരിപാലനം"
ഇഞ്ചി,Garlic,കൊല്ലം,ചെങ്കൽ മണ്ണ്,"പച്ചിലവളം, ജൈവവളം","തുലാവർഷം, കാർഷിക സീസൺ","പ്രകൃതി വഴിയുള്ള നിയന്ത്രണം, രാസ മരുന്ന്"
കൊക്കോ,Arrowroot,പാലക്കാട്,"കളിമണ്ണ്, മണൽ മണ്ണ്",പച്ചിലവളം,തുലാവർഷം,രാസ മരുന്ന്
ഗ്രാമ്പൂ,Coffee,കൊല്ലം,മണൽ മണ്ണ്,പച്ചിലവളം,തുലാവർഷം,"പ്രകൃതി വഴിയുള്ള നിയന്ത്രണം, ജൈവ കീട നിയന്ത്രണം"
കരിമ്പ്,Sesame,"തിരുവനന്തപുരം, കൊല്ലം","കളിമണ്ണ്, ചെങ്കൽ മണ്ണ്",പച്ചിലവളം,മഴക്കാലം,സമഗ്ര കീട പരിപാലനം
ഉരുളക്കിഴങ്ങ്,Tea,കണ്ണൂർ,ചെങ്കൽ മണ്ണ്,കമ്പോസ്റ്റ്,"വേനൽക്കാലം, കാർഷിക സീസൺ","ജൈവ കീട നിയന്ത്രണം, രാസ മരുന്ന്"
കൊക്കോ,Coconut,കോട്ടയം,"ചെങ്കൽ മണ്ണ്, എക്കൽ മണ്ണ്",രാസവളം,"തുലാവർഷം, കാർഷിക സീസൺ",പ്രകൃതി വഴിയുള്ള നിയന്ത്രണം
നിലക്കടല,Cardamom,"തൃശ്ശൂർ, പാലക്കാട്",എക്കൽ മണ്ണ്,പച്ചിലവളം,കാർഷിക സീസൺ,സമഗ്ര കീട പരിപാലനം
മാങ്ങ,Sugarcane,"മലപ്പുറം, പാലക്കാട്",കളിമണ്ണ്,രാസവളം,"മഴക്കാലം, വേനൽക്കാലം",സമഗ്ര കീട പരിപാലനം
മധുരക്കിഴങ്ങ്,Sugarcane,"കണ്ണൂർ, പാലക്കാട്","കളിമണ്ണ്, എക്കൽ മണ്ണ്",കമ്പോസ്റ്റ്,മഴക്കാലം,പ്രകൃതി വഴിയുള്ള നിയന്ത്രണം
കുരുമുളക്,Drumstick,"പാലക്കാട്, ഇടുക്കി","ചെങ്കൽ മണ്ണ്, മണൽ മണ്ണ്","പച്ചിലവളം, കമ്പോസ്റ്റ്","വേനൽക്കാലം, മഴക്കാലം",പ്രകൃതി വഴിയുള്ള നിയന്ത്രണം
കരിമ്പ്,Banana,"കൊല്ലം, പത്തനംതിട്ട",മണൽ മണ്ണ്,"കമ്പോസ്റ്റ്, ജൈവവളം","തുലാവർഷം, വേനൽക്കാലം",ജൈവ കീട നിയന്ത്രണം
നിലക്കടല,Mango,കാസർഗോഡ്,"എക്കൽ മണ്ണ്, കളിമണ്ണ്","രാസവളം, പച്ചിലവളം","വേനൽക്കാലം, മഴക്കാലം","രാസ മരുന്ന്, സമഗ്ര കീട പരിപാലനം"
മുരിങ്ങ,Betel Leaf,"കണ്ണൂർ, പത്തനംതിട്ട, കോട്ടയം",ചെങ്കൽ മണ്ണ്,ജൈവവളം,"വേനൽക്കാലം, കാർഷിക സീസൺ","ജൈവ കീട നിയന്ത്രണം, രാസ മരുന്ന്"
വാഴപ്പഴം,Sweet Potato,കോട്ടയം,കളിമണ്ണ്,"രാസവളം, ജൈവവളം",കാർഷിക സീസൺ,പ്രകൃതി വഴിയുള്ള നിയന്ത്രണം
പരുത്തി,Coconut,"പാലക്കാട്, എറണാകുളം","എക്കൽ മണ്ണ്, കളിമണ്ണ്","പച്ചിലവളം, ജൈവവളം",കാർഷിക സീസൺ,സമഗ്ര കീട പരിപാലനം
ചെറുകിട (തിനാ / ചാമ),Coconut,"കണ്ണൂർ, കാസർഗോഡ്, എറണാകുളം",എക്കൽ മണ്ണ്,"ജൈവവളം, കമ്പോസ്റ്റ്","വേനൽക്കാലം, കാർഷിക സീസൺ","രാസ മരുന്ന്, പ്രകൃതി വഴിയുള്ള നിയന്ത്രണം"
വെറ്റില,Coconut,"കണ്ണൂർ, കോഴിക്കോട്, കൊല്ലം",ചെങ്കൽ മണ്ണ്,"പച്ചിലവളം, ജൈവവളം",കാർഷിക സീസൺ,"സമഗ്ര കീട പരിപാലനം, ജൈവ കീട നിയന്ത്രണം"
പപ്പായ,Groundnut,"കാസർഗോഡ്, കോഴിക്കോട്, കോട്ടയം",കളിമണ്ണ്,രാസവളം,മഴക്കാലം,പ്രകൃതി വഴിയുള്ള നിയന്ത്രണം
പരുത്തി,Potato,"കോഴിക്കോട്, വയനാട്","മണൽ മണ്ണ്, ചെങ്കൽ മണ്ണ്",ജൈവവളം,മഴക്കാലം,സമഗ്ര കീട പരിപാലനം
ചോളം,Coconut,"കണ്ണൂർ, തിരുവനന്തപുരം",എക്കൽ മണ്ണ്,"പച്ചിലവളം, കമ്പോസ്റ്റ്",വേനൽക്കാലം,സമഗ്ര കീട പരിപാലനം
മധുരക്കിഴങ്ങ്,Cashew,തൃശ്ശൂർ,എക്കൽ മണ്ണ്,"കമ്പോസ്റ്റ്, പച്ചിലവളം","തുലാവർഷം, മഴക്കാലം","ജൈവ കീട നിയന്ത്രണം, രാസ മരുന്ന്"
പുകയില,Rice,"കൊല്ലം, പത്തനംതിട്ട","എക്കൽ മണ്ണ്, ചെങ്കൽ മണ്ണ്",രാസവളം,വേനൽക്കാലം,ജൈവ കീട നിയന്ത്രണം
കശുവണ്ടി,Grampu,തൃശ്ശൂർ,"മണൽ മണ്ണ്, കളിമണ്ണ്",പച്ചിലവളം,കാർഷിക സീസൺ,"ജൈവ കീട നിയന്ത്രണം, സമഗ്ര കീട പരിപാലനം"
ജാതിക്ക വെളുത്തുള്ളി,Sesame,തിരുവനന്തപുരം,"ചെങ്കൽ മണ്ണ്, കളിമണ്ണ്","പച്ചിലവളം, രാസവളം","തുലാവർഷം, കാർഷിക സീസൺ",ജൈവ കീട നിയന്ത്രണം
പരുത്തി,Tea,"ഇടുക്കി, മലപ്പുറം, കാസർഗോഡ്",ചെങ്കൽ മണ്ണ്,"രാസവളം, ജൈവവളം","തുലാവർഷം, മഴക്കാലം",പ്രകൃതി വഴിയുള്ള നിയന്ത്രണം
നിലക്കടല,Tobacco,"പത്തനംതിട്ട, തൃശ്ശൂർ, കോഴിക്കോട്","മണൽ മണ്ണ്, എക്കൽ മണ്ണ്","ജൈവവളം, രാസവളം","കാർഷിക സീസൺ, തുലാവർഷം",പ്രകൃതി വഴിയുള്ള നിയന്ത്രണം
കാപ്പി,Ginger,"ഇടുക്കി, കോഴിക്കോട്","എക്കൽ മണ്ണ്, കളിമണ്ണ്",കമ്പോസ്റ്റ്,"തുലാവർഷം, വേനൽക്കാലം","ജൈവ കീട നിയന്ത്രണം, പ്രകൃതി വഴിയുള്ള നിയന്ത്രണം"
ചോളം,Turmeric,"കാസർഗോഡ്, പത്തനംതിട്ട, പാലക്കാട്",കളിമണ്ണ്,കമ്പോസ്റ്റ്,"കാർഷിക സീസൺ, മഴക്കാലം",ജൈവ കീട നിയന്ത്രണം
മഞ്ഞൾ,Cotton,"കൊല്ലം, മലപ്പുറം, ഇടുക്കി","ചെങ്കൽ മണ്ണ്, എക്കൽ മണ്ണ്","കമ്പോസ്റ്റ്, രാസവളം",തുലാവർഷം,പ്രകൃതി വഴിയുള്ള നിയന്ത്രണം
തേങ്ങ,Garlic,വയനാട്,ചെങ്കൽ മണ്ണ്,"കമ്പോസ്റ്റ്, ജൈവവളം",മഴക്കാലം,"സമഗ്ര കീട പരിപാലനം, രാസ മരുന്ന്"
വാഴപ്പഴം,Coconut,"കോഴിക്കോട്, കൊല്ലം, പത്തനംതിട്ട","എക്കൽ മണ്ണ്, കളിമണ്ണ്","രാസവളം, പച്ചിലവളം","തുലാവർഷം, വേനൽക്കാലം","പ്രകൃതി വഴിയുള്ള നിയന്ത്രണം, ജൈവ കീട നിയന്ത്രണം"
ഏലം,Plantain,കൊല്ലം,"മണൽ മണ്ണ്, കളിമണ്ണ്","ജൈവവളം, കമ്പോസ്റ്റ്",തുലാവർഷം,സമഗ്ര കീട പരിപാലനം
പൈനാപ്പിൾ,Coconut,"വയനാട്, കണ്ണൂർ",എക്കൽ മണ്ണ്,ജൈവവളം,തുലാവർഷം,ജൈവ കീട നിയന്ത്രണം
എള്ള്,Sweet Potato,"വയനാട്, കോട്ടയം",എക്കൽ മണ്ണ്,കമ്പോസ്റ്റ്,"തുലാവർഷം, മഴക്കാലം","രാസ മരുന്ന്, ജൈവ കീട നിയന്ത്രണം"
പുകയില,Cotton,"തൃശ്ശൂർ, മലപ്പുറം, പാലക്കാട്",എക്കൽ മണ്ണ്,പച്ചിലവളം,വേനൽക്കാലം,പ്രകൃതി വഴിയുള്ള നിയന്ത്രണം
മാങ്ങ,Coconut,പത്തനംതിട്ട,മണൽ മണ്ണ്,"രാസവളം, ജൈവവളം",വേനൽക്കാലം,"പ്രകൃതി വഴിയുള്ള നിയന്ത്രണം, ജൈവ കീട നിയന്ത്രണം"
ചെറുകിട (തിനാ / ചാമ),Tobacco,"തൃശ്ശൂർ, എറണാകുളം",മണൽ മണ്ണ്,"കമ്പോസ്റ്റ്, പച്ചിലവളം","വേനൽക്കാലം, മഴക്കാലം","പ്രകൃതി വഴിയുള്ള നിയന്ത്രണം, ജൈവ കീട നിയന്ത്രണം"
അരിക്കാട്ട്,Cotton,കൊല്ലം,"കളിമണ്ണ്, എക്കൽ മണ്ണ്",ജൈവവളം,"മഴക്കാലം, വേനൽക്കാലം","സമഗ്ര കീട പരിപാലനം, പ്രകൃതി വഴിയുള്ള നിയന്ത്രണം"
ഗ്രാമ്പൂ,Cotton,എറണാകുളം,"ചെങ്കൽ മണ്ണ്, എക്കൽ മണ്ണ്",രാസവളം,"തുലാവർഷം, മഴക്കാലം",പ്രകൃതി വഴിയുള്ള നിയന്ത്രണം
ഉരുളക്കിഴങ്ങ്,Turmeric,മലപ്പുറം,ചെങ്കൽ മണ്ണ്,"പച്ചിലവളം, ജൈവവളം",കാർഷിക സീസൺ,"ജൈവ കീട നിയന്ത്രണം, സമഗ്ര കീട പരിപാലനം"
തേങ്ങ,Papaya,"കൊല്ലം, കോഴിക്കോട്, കോട്ടയം","എക്കൽ മണ്ണ്, മണൽ മണ്ണ്",ജൈവവളം,തുലാവർഷം,"രാസ മരുന്ന്, സമഗ്ര കീട പരിപാലനം"
ചെറുകിട (തിനാ / ചാമ),Pigeon Pea,"കൊല്ലം, കോഴിക്കോട്, തിരുവനന്തപുരം","കളിമണ്ണ്, മണൽ മണ്ണ്","രാസവളം, കമ്പോസ്റ്റ്",തുലാവർഷം,"സമഗ്ര കീട പരിപാലനം, രാസ മരുന്ന്"
മാങ്ങ,Betel Leaf,"തൃശ്ശൂർ, തിരുവനന്തപുരം, കാസർഗോഡ്","കളിമണ്ണ്, ചെങ്കൽ മണ്ണ്","പച്ചിലവളം, ജൈവവളം",വേനൽക്കാലം,സമഗ്ര കീട പരിപാലനം
വെറ്റില,Small Millet,"കോട്ടയം, കാസർഗോഡ്","എക്കൽ മണ്ണ്, മണൽ മണ്ണ്",കമ്പോസ്റ്റ്,മഴക്കാലം,"സമഗ്ര കീട പരിപാലനം, രാസ മരുന്ന്"
ഇഞ്ചി,Rice,"കോട്ടയം, തൃശ്ശൂർ, തിരുവനന്തപുരം",എക്കൽ മണ്ണ്,"ജൈവവളം, പച്ചിലവളം",വേനൽക്കാലം,രാസ മരുന്ന്
ചോളം,Black Pepper,"മലപ്പുറം, കോട്ടയം","എക്കൽ മണ്ണ്, കളിമണ്ണ്","രാസവളം, ജൈവവളം","തുലാവർഷം, മഴക്കാലം","സമഗ്ര കീട പരിപാലനം, ജൈവ കീട നിയന്ത്രണം"
കശുവണ്ടി,Plantain,"കണ്ണൂർ, വയനാട്",ചെങ്കൽ മണ്ണ്,പച്ചിലവളം,"വേനൽക്കാലം, തുലാവർഷം","സമഗ്ര കീട പരിപാലനം, ജൈവ കീട നിയന്ത്രണം"
ഏലം,Sesame,"തിരുവനന്തപുരം, കോഴിക്കോട്, വയനാട്","മണൽ മണ്ണ്, ചെങ്കൽ മണ്ണ്","ജൈവവളം, പച്ചിലവളം",വേനൽക്കാലം,രാസ മരുന്ന്
ഗോതമ്പ്,Coffee,"കോഴിക്കോട്, കാസർഗോഡ്, പാലക്കാട്",എക്കൽ മണ്ണ്,"പച്ചിലവളം, രാസവളം","തുലാവർഷം, വേനൽക്കാലം","ജൈവ കീട നിയന്ത്രണം, പ്രകൃതി വഴിയുള്ള നിയന്ത്രണം"
എള്ള്,Coconut,"ഇടുക്കി, തൃശ്ശൂർ","ചെങ്കൽ മണ്ണ്, എക്കൽ മണ്ണ്","ജൈവവളം, പച്ചിലവളം",കാർഷിക സീസൺ,"സമഗ്ര കീട പരിപാലനം, രാസ മരുന്ന്"
പച്ചമുളക്,Sesame,"കോട്ടയം, കൊല്ലം, തൃശ്ശൂർ","എക്കൽ മണ്ണ്, മണൽ മണ്ണ്",ജൈവവളം,"കാർഷിക സീസൺ, മഴക്കാലം",രാസ മരുന്ന്
പച്ചമുളക്,Cardamom,പാലക്കാട്,"മണൽ മണ്ണ്, ചെങ്കൽ മണ്ണ്",കമ്പോസ്റ്റ്,"മഴക്കാലം, വേനൽക്കാലം",രാസ മരുന്ന്
പരുത്തി,Pigeon Pea,"കോഴിക്കോട്, തൃശ്ശൂർ, എറണാകുളം","ചെങ്കൽ മണ്ണ്, കളിമണ്ണ്",കമ്പോസ്റ്റ്,"കാർഷിക സീസൺ, വേനൽക്കാലം",പ്രകൃതി വഴിയുള്ള നിയന്ത്രണം
പച്ചമുളക്,Tea,കോട്ടയം,കളിമണ്ണ്,"രാസവളം, പച്ചിലവളം",തുലാവർഷം,പ്രകൃതി വഴിയുള്ള നിയന്ത്രണം
ജാതിക്ക വെളുത്തുള്ളി,Coffee,"കോട്ടയം, തിരുവനന്തപുരം, തൃശ്ശൂർ","എക്കൽ മണ്ണ്, മണൽ മണ്ണ്",ജൈവവളം,"തുലാവർഷം, കാർഷിക സീസൺ",സമഗ്ര കീട പരിപാലനം
ഗ്രാമ്പൂ,Sesame,തിരുവനന്തപുരം,"എക്കൽ മണ്ണ്, കളിമണ്ണ്","കമ്പോസ്റ്റ്, പച്ചിലവളം","കാർഷിക സീസൺ, മഴക്കാലം","സമഗ്ര കീട പരിപാലനം, പ്രകൃതി വഴിയുള്ള നിയന്ത്രണം"
വെറ്റില,Corn,"കാസർഗോഡ്, കോഴിക്കോട്","മണൽ മണ്ണ്, എക്കൽ മണ്ണ്",രാസവളം,"മഴക്കാലം, വേനൽക്കാലം",രാസ മരുന്ന്
മാങ്ങ,Cashew,തിരുവനന്തപുരം,കളിമണ്ണ്,"ജൈവവളം, രാസവളം",മഴക്കാലം,സമഗ്ര കീട പരിപാലനം
ചായ,Coffee,"മലപ്പുറം, കോഴിക്കോട്, കോട്ടയം",കളിമണ്ണ്,"പച്ചിലവളം, കമ്പോസ്റ്റ്","തുലാവർഷം, വേനൽക്കാലം",ജൈവ കീട നിയന്ത്രണം
പച്ചമുളക്,Rice,ഇടുക്കി,ചെങ്കൽ മണ്ണ്,ജൈവവളം,തുലാവർഷം,ജൈവ കീട നിയന്ത്രണം
പുകയില,Sesame,"മലപ്പുറം, പാലക്കാട്, കൊല്ലം",മണൽ മണ്ണ്,രാസവളം,"തുലാവർഷം, മഴക്കാലം","ജൈവ കീട നിയന്ത്രണം, രാസ മരുന്ന്"
ചോളം,Ginger,"പാലക്കാട്, പത്തനംതിട്ട, ഇടുക്കി","കളിമണ്ണ്, ചെങ്കൽ മണ്ണ്",ജൈവവളം,"തുലാവർഷം, മഴക്കാലം",സമഗ്ര കീട പരിപാലനം
കൊക്കോ,Cotton,എറണാകുളം,"കളിമണ്ണ്, എക്കൽ മണ്ണ്","കമ്പോസ്റ്റ്, ജൈവവളം",വേനൽക്കാലം,"സമഗ്ര കീട പരിപാലനം, പ്രകൃതി വഴിയുള്ള നിയന്ത്രണം"
മധുരക്കിഴങ്ങ്,Black Pepper,വയനാട്,എക്കൽ മണ്ണ്,പച്ചിലവളം,തുലാവർഷം,"ജൈവ കീട നിയന്ത്രണം, പ്രകൃതി വഴിയുള്ള നിയന്ത്രണം"
കരിമ്പ്,Coffee,പാലക്കാട്,"എക്കൽ മണ്ണ്, മണൽ മണ്ണ്",ജൈവവളം,കാർഷിക സീസൺ,"ജൈവ കീട നിയന്ത്രണം, രാസ മരുന്ന്"
എള്ള്,Cocoa,"മലപ്പുറം, ഇടുക്കി","കളിമണ്ണ്, എക്കൽ മണ്ണ്","കമ്പോസ്റ്റ്, പച്ചിലവളം",വേനൽക്കാലം,"പ്രകൃതി വഴിയുള്ള നിയന്ത്രണം, ജൈവ കീട നിയന്ത്രണം"
വെറ്റില,Cocoa,തിരുവനന്തപുരം,മണൽ മണ്ണ്,"രാസവളം, പച്ചിലവളം","മഴക്കാലം, തുലാവർഷം","ജൈവ കീട നിയന്ത്രണം, സമഗ്ര കീട പരിപാലനം"
കരിമ്പ്,Papaya,"വയനാട്, ഇടുക്കി, തിരുവനന്തപുരം",മണൽ മണ്ണ്,"ജൈവവളം, പച്ചിലവളം","മഴക്കാലം, കാർഷിക സീസൺ","സമഗ്ര കീട പരിപാലനം, പ്രകൃതി വഴിയുള്ള നിയന്ത്രണം"
ചെറുകിട (തിനാ / ചാമ),Rice,"പത്തനംതിട്ട, കോഴിക്കോട്, വയനാട്",കളിമണ്ണ്,"കമ്പോസ്റ്റ്, പച്ചിലവളം",വേനൽക്കാലം,"രാസ മരുന്ന്, പ്രകൃതി വഴിയുള്ള നിയന്ത്രണം"
വാഴപ്പഴം,Corn,"എറണാകുളം, മലപ്പുറം, വയനാട്","മണൽ മണ്ണ്, ചെങ്കൽ മണ്ണ്",ജൈവവളം,"കാർഷിക സീസൺ, വേനൽക്കാലം","രാസ മരുന്ന്, പ്രകൃതി വഴിയുള്ള നിയന്ത്രണം"
പൈനാപ്പിൾ,Betel Leaf,"തിരുവനന്തപുരം, കാസർഗോഡ്",മണൽ മണ്ണ്,കമ്പോസ്റ്റ്,"വേനൽക്കാലം, കാർഷിക സീസൺ",രാസ മരുന്ന്
മാങ്ങ,Grampu,കാസർഗോഡ്,"കളിമണ്ണ്, എക്കൽ മണ്ണ്","പച്ചിലവളം, രാസവളം",കാർഷിക സീസൺ,ജൈവ കീട നിയന്ത്രണം
കാപ്പി,Banana,ഇടുക്കി,മണൽ മണ്ണ്,പച്ചിലവളം,തുലാവർഷം,ജൈവ കീട നിയന്ത്രണം
പരുത്തി,Plantain,"കണ്ണൂർ, മലപ്പുറം",കളിമണ്ണ്,കമ്പോസ്റ്റ്,"വേനൽക്കാലം, മഴക്കാലം","ജൈവ കീട നിയന്ത്രണം, സമഗ്ര കീട പരിപാലനം"
വാഴപ്പഴം,Sugarcane,കൊല്ലം,കളിമണ്ണ്,രാസവളം,"കാർഷിക സീസൺ, തുലാവർഷം",ജൈവ കീട നിയന്ത്രണം
ചോളം,Turmeric,"കൊല്ലം, പാലക്കാട്",കളിമണ്ണ്,"ജൈവവളം, പച്ചിലവളം",തുലാവർഷം,ജൈവ കീട നിയന്ത്രണം
ഗ്രാമ്പൂ,Garlic,"കോട്ടയം, പത്തനംതിട്ട",കളിമണ്ണ്,ജൈവവളം,"മഴക്കാലം, തുലാവർഷം",ജൈവ കീട നിയന്ത്രണം
കശുവണ്ടി,Coffee,കോട്ടയം,ചെങ്കൽ മണ്ണ്,രാസവളം,"മഴക്കാലം, വേനൽക്കാലം",പ്രകൃതി വഴിയുള്ള നിയന്ത്രണം
മാങ്ങ,Drumstick,"ഇടുക്കി, കൊല്ലം","ചെങ്കൽ മണ്ണ്, കളിമണ്ണ്",പച്ചിലവളം,മഴക്കാലം,സമഗ്ര കീട പരിപാലനം
ഗോതമ്പ്,Cashew,"ഇടുക്കി, കൊല്ലം, കോട്ടയം",എക്കൽ മണ്ണ്,"ജൈവവളം, കമ്പോസ്റ്റ്","തുലാവർഷം, മഴക്കാലം",പ്രകൃതി വഴിയുള്ള നിയന്ത്രണം
മാങ്ങ,Sesame,"കാസർഗോഡ്, കോഴിക്കോട്, പത്തനംതിട്ട","എക്കൽ മണ്ണ്, കളിമണ്ണ്",കമ്പോസ്റ്റ്,തുലാവർഷം,സമഗ്ര കീട പരിപാലനം
കരിമ്പ്,Garlic,"തിരുവനന്തപുരം, കോട്ടയം, കാസർഗോഡ്",എക്കൽ മണ്ണ്,"ജൈവവളം, കമ്പോസ്റ്റ്",കാർഷിക സീസൺ,"പ്രകൃതി വഴിയുള്ള നിയന്ത്രണം, സമഗ്ര കീട പരിപാലനം"
പച്ചമുളക്,Grampu,കാസർഗോഡ്,"എക്കൽ മണ്ണ്, മണൽ മണ്ണ്","പച്ചിലവളം, രാസവളം",മഴക്കാലം,ജൈവ കീട നിയന്ത്രണം
ഫിംഗർ മില്ലറ്റ്,Garlic,"കൊല്ലം, മലപ്പുറം","മണൽ മണ്ണ്, ചെങ്കൽ മണ്ണ്",കമ്പോസ്റ്റ്,"കാർഷിക സീസൺ, മഴക്കാലം","ജൈവ കീട നിയന്ത്രണം, സമഗ്ര കീട പരിപാലനം"
മാങ്ങ,Grampu,"തിരുവനന്തപുരം, പാലക്കാട്","മണൽ മണ്ണ്, കളിമണ്ണ്",രാസവളം,കാർഷിക സീസൺ,രാസ മരുന്ന്
കശുവണ്ടി,Mango,ഇടുക്കി,കളിമണ്ണ്,കമ്പോസ്റ്റ്,"തുലാവർഷം, കാർഷിക സീസൺ","സമഗ്ര കീട പരിപാലനം, പ്രകൃതി വഴിയുള്ള നിയന്ത്രണം"
മുരിങ്ങ,Coffee,തിരുവനന്തപുരം,ചെങ്കൽ മണ്ണ്,"രാസവളം, ജൈവവളം","തുലാവർഷം, കാർഷിക സീസൺ",ജൈവ കീട നിയന്ത്രണം
ഉരുളക്കിഴങ്ങ്,Tobacco,"പത്തനംതിട്ട, കോട്ടയം, എറണാകുളം",എക്കൽ മണ്ണ്,"രാസവളം, കമ്പോസ്റ്റ്","തുലാവർഷം, കാർഷിക സീസൺ","രാസ മരുന്ന്, സമഗ്ര കീട പരിപാലനം"
ചായ,Turmeric,"കൊല്ലം, കണ്ണൂർ, കോഴിക്കോട്",കളിമണ്ണ്,"കമ്പോസ്റ്റ്, ജൈവവളം","വേനൽക്കാലം, കാർഷിക സീസൺ","ജൈവ കീട നിയന്ത്രണം, സമഗ്ര കീട പരിപാലനം"
ഫിംഗർ മില്ലറ്റ്,Cashew,എറണാകുളം,എക്കൽ മണ്ണ്,ജൈവവളം,"വേനൽക്കാലം, മഴക്കാലം",പ്രകൃതി വഴിയുള്ള നിയന്ത്രണം
മധുരക്കിഴങ്ങ്,Cashew,"പാലക്കാട്, തിരുവനന്തപുരം, മലപ്പുറം",കളിമണ്ണ്,"ജൈവവളം, രാസവളം","മഴക്കാലം, തുലാവർഷം","പ്രകൃതി വഴിയുള്ള നിയന്ത്രണം, സമഗ്ര കീട പരിപാലനം"
കരിമ്പ്,Pigeon Pea,"പത്തനംതിട്ട, കോട്ടയം",മണൽ മണ്ണ്,"രാസവളം, കമ്പോസ്റ്റ്","വേനൽക്കാലം, കാർഷിക സീസൺ","രാസ മരുന്ന്, ജൈവ കീട നിയന്ത്രണം"
പുകയില,Black Pepper,"ഇടുക്കി, മലപ്പുറം, വയനാട്","ചെങ്കൽ മണ്ണ്, കളിമണ്ണ്",രാസവളം,"കാർഷിക സീസൺ, തുലാവർഷം",സമഗ്ര കീട പരിപാലനം
പരുത്തി,Pigeon Pea,"തൃശ്ശൂർ, കോഴിക്കോട്, തിരുവനന്തപുരം",എക്കൽ മണ്ണ്,പച്ചിലവളം,തുലാവർഷം,പ്രകൃതി വഴിയുള്ള നിയന്ത്രണം
കശുവണ്ടി,Potato,"കോഴിക്കോട്, പത്തനംതിട്ട, തിരുവനന്തപുരം",ചെങ്കൽ മണ്ണ്,"കമ്പോസ്റ്റ്, ജൈവവളം",മഴക്കാലം,രാസ മരുന്ന്
വെറ്റില,Coconut,കൊല്ലം,കളിമണ്ണ്,ജൈവവളം,കാർഷിക സീസൺ,"സമഗ്ര കീട പരിപാലനം, പ്രകൃതി വഴിയുള്ള നിയന്ത്രണം"
പുകയില,Sugarcane,"വയനാട്, കോഴിക്കോട്","ചെങ്കൽ മണ്ണ്, കളിമണ്ണ്",കമ്പോസ്റ്റ്,കാർഷിക സീസൺ,രാസ മരുന്ന്
മാങ്ങ,Papaya,"എറണാകുളം, കണ്ണൂർ",എക്കൽ മണ്ണ്,രാസവളം,കാർഷിക സീസൺ,"രാസ മരുന്ന്, സമഗ്ര കീട പരിപാലനം"
നിലക്കടല,Ginger,"പാലക്കാട്, എറണാകുളം","എക്കൽ മണ്ണ്, മണൽ മണ്ണ്",പച്ചിലവളം,"മഴക്കാലം, കാർഷിക സീസൺ","പ്രകൃതി വഴിയുള്ള നിയന്ത്രണം, ജൈവ കീട നിയന്ത്രണം"
മാങ്ങ,Corn,"എറണാകുളം, കണ്ണൂർ","ചെങ്കൽ മണ്ണ്, എക്കൽ മണ്ണ്",രാസവളം,"മഴക്കാലം, തുലാവർഷം",പ്രകൃതി വഴിയുള്ള നിയന്ത്രണം
ജാതിക്ക വെളുത്തുള്ളി,Coconut,കോട്ടയം,കളിമണ്ണ്,"കമ്പോസ്റ്റ്, ജൈവവളം","തുലാവർഷം, വേനൽക്കാലം",രാസ മരുന്ന്
ഉരുളക്കിഴങ്ങ്,Corn,കോട്ടയം,എക്കൽ മണ്ണ്,രാസവളം,"കാർഷിക സീസൺ, വേനൽക്കാലം",പ്രകൃതി വഴിയുള്ള നിയന്ത്രണം
ഏലം,Wheat,മലപ്പുറം,ചെങ്കൽ മണ്ണ്,"കമ്പോസ്റ്റ്, പച്ചിലവളം","കാർഷിക സീസൺ, മഴക്കാലം",സമഗ്ര കീട പരിപാലനം
തേങ്ങ,Cardamom,"പാലക്കാട്, കണ്ണൂർ, തിരുവനന്തപുരം","കളിമണ്ണ്, എക്കൽ മണ്ണ്","ജൈവവളം, പച്ചിലവളം",മഴക്കാലം,"ജൈവ കീട നിയന്ത്രണം, സമഗ്ര കീട പരിപാലനം"
മാങ്ങ,Small Millet,"പാലക്കാട്, ഇടുക്കി, കൊല്ലം","എക്കൽ മണ്ണ്, കളിമണ്ണ്",ജൈവവളം,"മഴക്കാലം, തുലാവർഷം","സമഗ്ര കീട പരിപാലനം, പ്രകൃതി വഴിയുള്ള നിയന്ത്രണം"
കരിമ്പ്,Cocoa,"ഇടുക്കി, കാസർഗോഡ്, കോട്ടയം",കളിമണ്ണ്,"ജൈവവളം, പച്ചിലവളം","തുലാവർഷം, വേനൽക്കാലം","സമഗ്ര കീട പരിപാലനം, പ്രകൃതി വഴിയുള്ള നിയന്ത്രണം"
ഇഞ്ചി,Chili,പത്തനംതിട്ട,"ചെങ്കൽ മണ്ണ്, കളിമണ്ണ്",ജൈവവളം,കാർഷിക സീസൺ,"സമഗ്ര കീട പരിപാലനം, പ്രകൃതി വഴിയുള്ള നിയന്ത്രണം"
ഗോതമ്പ്,Sorghum,പാലക്കാട്,"എക്കൽ മണ്ണ്, ചെങ്കൽ മണ്ണ്",ജൈവവളം,"തുലാവർഷം, വേനൽക്കാലം","പ്രകൃതി വഴിയുള്ള നിയന്ത്രണം, ജൈവ കീട നിയന്ത്രണം"
മഞ്ഞൾ,Plantain,പത്തനംതിട്ട,"ചെങ്കൽ മണ്ണ്, മണൽ മണ്ണ്",രാസവളം,കാർഷിക സീസൺ,"സമഗ്ര കീട പരിപാലനം, പ്രകൃതി വഴിയുള്ള നിയന്ത്രണം"
പുകയില,Pigeon Pea,പാലക്കാട്,"കളിമണ്ണ്, ചെങ്കൽ മണ്ണ്",രാസവളം,തുലാവർഷം,"ജൈവ കീട നിയന്ത്രണം, രാസ മരുന്ന്"
ചെറുകിട (തിനാ / ചാമ),Corn,കോട്ടയം,എക്കൽ മണ്ണ്,രാസവളം,കാർഷിക സീസൺ,"രാസ മരുന്ന്, ജൈവ കീട നിയന്ത്രണം"
പച്ചമുളക്,Betel Leaf,"കൊല്ലം, കോഴിക്കോട്, വയനാട്","കളിമണ്ണ്, മണൽ മണ്ണ്","പച്ചിലവളം, ജൈവവളം",വേനൽക്കാലം,"പ്രകൃതി വഴിയുള്ള നിയന്ത്രണം, രാസ മരുന്ന്"
ഇഞ്ചി,Grampu,"വയനാട്, കണ്ണൂർ",കളിമണ്ണ്,കമ്പോസ്റ്റ്,"മഴക്കാലം, തുലാവർഷം",പ്രകൃതി വഴിയുള്ള നിയന്ത്രണം
ഏലം,Wheat,"തിരുവനന്തപുരം, മലപ്പുറം, ഇടുക്കി","ചെങ്കൽ മണ്ണ്, മണൽ മണ്ണ്",കമ്പോസ്റ്റ്,"മഴക്കാലം, കാർഷിക സീസൺ",ജൈവ കീട നിയന്ത്രണം
ഗ്രാമ്പൂ,Drumstick,"വയനാട്, കോട്ടയം, കോഴിക്കോട്",മണൽ മണ്ണ്,പച്ചിലവളം,"തുലാവർഷം, മഴക്കാലം","ജൈവ കീട നിയന്ത്രണം, സമഗ്ര കീട പരിപാലനം"
ടർ / ചുവന്ന പയർ,Pigeon Pea,"പത്തനംതിട്ട, കാസർഗോഡ്","കളിമണ്ണ്, എക്കൽ മണ്ണ്","കമ്പോസ്റ്റ്, പച്ചിലവളം",കാർഷിക സീസൺ,സമഗ്ര കീട പരിപാലനം
മധുരക്കിഴങ്ങ്,Sesame,"കോട്ടയം, കണ്ണൂർ, കൊല്ലം",മണൽ മണ്ണ്,രാസവളം,വേനൽക്കാലം,രാസ മരുന്ന്
കരിമ്പ്,Pigeon Pea,"കൊല്ലം, വയനാട്, പാലക്കാട്","മണൽ മണ്ണ്, എക്കൽ മണ്ണ്",കമ്പോസ്റ്റ്,"മഴക്കാലം, വേനൽക്കാലം",പ്രകൃതി വഴിയുള്ള നിയന്ത്രണം
തേങ്ങ,Black Pepper,"കോഴിക്കോട്, ഇടുക്കി","എക്കൽ മണ്ണ്, ചെങ്കൽ മണ്ണ്",കമ്പോസ്റ്റ്,കാർഷിക സീസൺ,രാസ മരുന്ന്
മഞ്ഞൾ,Tobacco,കാസർഗോഡ്,മണൽ മണ്ണ്,കമ്പോസ്റ്റ്,"തുലാവർഷം, കാർഷിക സീസൺ","പ്രകൃതി വഴിയുള്ള നിയന്ത്രണം, രാസ മരുന്ന്"
ചെറുകിട (തിനാ / ചാമ),Groundnut,"തിരുവനന്തപുരം, പാലക്കാട്","എക്കൽ മണ്ണ്, മണൽ മണ്ണ്",ജൈവവളം,"കാർഷിക സീസൺ, തുലാവർഷം",രാസ മരുന്ന്
മഞ്ഞൾ,Grampu,പാലക്കാട്,"ചെങ്കൽ മണ്ണ്, മണൽ മണ്ണ്",ജൈവവളം,വേനൽക്കാലം,"പ്രകൃതി വഴിയുള്ള നിയന്ത്രണം, ജൈവ കീട നിയന്ത്രണം"
വാഴപ്പഴം,Black Pepper,"പാലക്കാട്, കാസർഗോഡ്","എക്കൽ മണ്ണ്, മണൽ മണ്ണ്","രാസവളം, ജൈവവളം",തുലാവർഷം,"ജൈവ കീട നിയന്ത്രണം, സമഗ്ര കീട പരിപാലനം"
ഗോതമ്പ്,Mango,"തൃശ്ശൂർ, പാലക്കാട്, വയനാട്",മണൽ മണ്ണ്,"രാസവളം, കമ്പോസ്റ്റ്",തുലാവർഷം,ജൈവ കീട നിയന്ത്രണം
കരിമ്പ്,Turmeric,"ഇടുക്കി, എറണാകുളം, കൊല്ലം",മണൽ മണ്ണ്,"രാസവളം, കമ്പോസ്റ്റ്",കാർഷിക സീസൺ,പ്രകൃതി വഴിയുള്ള നിയന്ത്രണം
പച്ചമുളക്,Arrowroot,"കോഴിക്കോട്, എറണാകുളം, പത്തനംതിട്ട","മണൽ മണ്ണ്, കളിമണ്ണ്",ജൈവവളം,മഴക്കാലം,രാസ മരുന്ന്
കുരുമുളക്,Black Pepper,തിരുവനന്തപുരം,എക്കൽ മണ്ണ്,"കമ്പോസ്റ്റ്, ജൈവവളം",കാർഷിക സീസൺ,ജൈവ കീട നിയന്ത്രണം
കരിമ്പ്,Drumstick,"തൃശ്ശൂർ, മലപ്പുറം, ഇടുക്കി","മണൽ മണ്ണ്, എക്കൽ മണ്ണ്",ജൈവവളം,വേനൽക്കാലം,"പ്രകൃതി വഴിയുള്ള നിയന്ത്രണം, ജൈവ കീട നിയന്ത്രണം"
പുകയില,Groundnut,"പത്തനംതിട്ട, വയനാട്",ചെങ്കൽ മണ്ണ്,രാസവളം,തുലാവർഷം,"പ്രകൃതി വഴിയുള്ള നിയന്ത്രണം, ജൈവ കീട നിയന്ത്രണം"
ഉരുളക്കിഴങ്ങ്,Chili,"തൃശ്ശൂർ, വയനാട്","കളിമണ്ണ്, എക്കൽ മണ്ണ്","രാസവളം, പച്ചിലവളം",തുലാവർഷം,ജൈവ കീട നിയന്ത്രണം
മാങ്ങ,Ginger,"കണ്ണൂർ, വയനാട്","മണൽ മണ്ണ്, എക്കൽ മണ്ണ്",രാസവളം,"മഴക്കാലം, തുലാവർഷം",സമഗ്ര കീട പരിപാലനം
ചോളം,Pigeon Pea,"പത്തനംതിട്ട, തൃശ്ശൂർ, കണ്ണൂർ",മണൽ മണ്ണ്,കമ്പോസ്റ്റ്,മഴക്കാലം,"രാസ മരുന്ന്, സമഗ്ര കീട പരിപാലനം"
ചോളം,Cardamom,പത്തനംതിട്ട,എക്കൽ മണ്ണ്,"കമ്പോസ്റ്റ്, പച്ചിലവളം",കാർഷിക സീസൺ,"രാസ മരുന്ന്, പ്രകൃതി വഴിയുള്ള നിയന്ത്രണം"
നിലക്കടല,Coffee,"എറണാകുളം, വയനാട്","മണൽ മണ്ണ്, എക്കൽ മണ്ണ്","രാസവളം, കമ്പോസ്റ്റ്","മഴക്കാലം, കാർഷിക സീസൺ","പ്രകൃതി വഴിയുള്ള നിയന്ത്രണം, ജൈവ കീട നിയന്ത്രണം"
ടർ / ചുവന്ന പയർ,Rice,"വയനാട്, തിരുവനന്തപുരം","എക്കൽ മണ്ണ്, ചെങ്കൽ മണ്ണ്","കമ്പോസ്റ്റ്, ജൈവവളം",മഴക്കാലം,"രാസ മരുന്ന്, സമഗ്ര കീട പരിപാലനം"
ജാതിക്ക വെളുത്തുള്ളി,Betel Leaf,"തിരുവനന്തപുരം, പത്തനംതിട്ട","എക്കൽ മണ്ണ്, മണൽ മണ്ണ്",രാസവളം,"കാർഷിക സീസൺ, മഴക്കാലം","പ്രകൃതി വഴിയുള്ള നിയന്ത്രണം, ജൈവ കീട നിയന്ത്രണം"
ഏലം,Drumstick,"പത്തനംതിട്ട, കൊല്ലം, കോഴിക്കോട്","എക്കൽ മണ്ണ്, കളിമണ്ണ്",ജൈവവളം,"കാർഷിക സീസൺ, വേനൽക്കാലം","സമഗ്ര കീട പരിപാലനം, രാസ മരുന്ന്"
ചോളം,Sweet Potato,പത്തനംതിട്ട,"ചെങ്കൽ മണ്ണ്, കളിമണ്ണ്",കമ്പോസ്റ്റ്,തുലാവർഷം,"സമഗ്ര കീട പരിപാലനം, പ്രകൃതി വഴിയുള്ള നിയന്ത്രണം"
കൊക്കോ,Chili,"തൃശ്ശൂർ, പാലക്കാട്","കളിമണ്ണ്, ചെങ്കൽ മണ്ണ്","ജൈവവളം, പച്ചിലവളം","കാർഷിക സീസൺ, മഴക്കാലം",സമഗ്ര കീട പരിപാലനം
ചായ,Sweet Potato,കാസർഗോഡ്,"മണൽ മണ്ണ്, ചെങ്കൽ മണ്ണ്",രാസവളം,"തുലാവർഷം, മഴക്കാലം","സമഗ്ര കീട പരിപാലനം, രാസ മരുന്ന്"
പൈനാപ്പിൾ,Cardamom,"വയനാട്, പാലക്കാട്, ഇടുക്കി","മണൽ മണ്ണ്, ചെങ്കൽ മണ്ണ്",കമ്പോസ്റ്റ്,"മഴക്കാലം, തുലാവർഷം","പ്രകൃതി വഴിയുള്ള നിയന്ത്രണം, സമഗ്ര കീട പരിപാലനം"
കാപ്പി,Corn,"തൃശ്ശൂർ, മലപ്പുറം, എറണാകുളം","മണൽ മണ്ണ്, എക്കൽ മണ്ണ്",ജൈവവളം,"കാർഷിക സീസൺ, വേനൽക്കാലം",ജൈവ കീട നിയന്ത്രണം
എള്ള്,Mango,"മലപ്പുറം, വയനാട്, പത്തനംതിട്ട",കളിമണ്ണ്,ജൈവവളം,കാർഷിക സീസൺ,ജൈവ കീട നിയന്ത്രണം
ടർ / ചുവന്ന പയർ,Corn,"തൃശ്ശൂർ, കൊല്ലം, തിരുവനന്തപുരം",മണൽ മണ്ണ്,"പച്ചിലവളം, ജൈവവളം","മഴക്കാലം, വേനൽക്കാലം","ജൈവ കീട നിയന്ത്രണം, പ്രകൃതി വഴിയുള്ള നിയന്ത്രണം"
മഞ്ഞൾ,Cotton,"തൃശ്ശൂർ, പത്തനംതിട്ട",ചെങ്കൽ മണ്ണ്,രാസവളം,കാർഷിക സീസൺ,സമഗ്ര കീട പരിപാലനം
പൈനാപ്പിൾ,Cashew,"തൃശ്ശൂർ, കോഴിക്കോട്, കണ്ണൂർ",കളിമണ്ണ്,ജൈവവളം,"തുലാവർഷം, വേനൽക്കാലം","പ്രകൃതി വഴിയുള്ള നിയന്ത്രണം, രാസ മരുന്ന്"
ചോളം,Sorghum,"കൊല്ലം, പാലക്കാട്",മണൽ മണ്ണ്,"പച്ചിലവളം, രാസവളം","കാർഷിക സീസൺ, മഴക്കാലം",ജൈവ കീട നിയന്ത്രണം
പരുത്തി,Sugarcane,കോട്ടയം,"ചെങ്കൽ മണ്ണ്, കളിമണ്ണ്","രാസവളം, ജൈവവളം",കാർഷിക സീസൺ,രാസ മരുന്ന്
